Tick;Step;Extent;Gender;maxHeight;MemberId;minHeight;PercentageTiles;ResultFilePath;TreeCount;XSpawn;xWidth;yLength;YSpawn;X;Y;ID
0;0;0;;50;0;0;0.1;;7;0;35;33;0;0;0;00000000-0000-0000-0000-000000000000
1;1;0;;50;0;0;0.1;;7;0;35;33;0;1;0;00000000-0000-0000-0000-000000000000
2;2;0;;50;0;0;0.1;;7;0;35;33;0;2;0;00000000-0000-0000-0000-000000000000
3;3;0;;50;0;0;0.1;;7;0;35;33;0;3;0;00000000-0000-0000-0000-000000000000
4;4;0;;50;0;0;0.1;;7;0;35;33;0;4;0;00000000-0000-0000-0000-000000000000
5;5;0;;50;0;0;0.1;;7;0;35;33;0;5;0;00000000-0000-0000-0000-000000000000
6;6;0;;50;0;0;0.1;;7;0;35;33;0;6;0;00000000-0000-0000-0000-000000000000
7;7;0;;50;0;0;0.1;;7;0;35;33;0;7;0;00000000-0000-0000-0000-000000000000
8;8;0;;50;0;0;0.1;;7;0;35;33;0;8;0;00000000-0000-0000-0000-000000000000
9;9;0;;50;0;0;0.1;;7;0;35;33;0;9;0;00000000-0000-0000-0000-000000000000
10;10;0;;50;0;0;0.1;;7;0;35;33;0;10;0;00000000-0000-0000-0000-000000000000
11;11;0;;50;0;0;0.1;;7;0;35;33;0;11;0;00000000-0000-0000-0000-000000000000
12;12;0;;50;0;0;0.1;;7;0;35;33;0;12;0;00000000-0000-0000-0000-000000000000
13;13;0;;50;0;0;0.1;;7;0;35;33;0;13;0;00000000-0000-0000-0000-000000000000
14;14;0;;50;0;0;0.1;;7;0;35;33;0;14;0;00000000-0000-0000-0000-000000000000
15;15;0;;50;0;0;0.1;;7;0;35;33;0;15;0;00000000-0000-0000-0000-000000000000
16;16;0;;50;0;0;0.1;;7;0;35;33;0;16;0;00000000-0000-0000-0000-000000000000
17;17;0;;50;0;0;0.1;;7;0;35;33;0;17;0;00000000-0000-0000-0000-000000000000
18;18;0;;50;0;0;0.1;;7;0;35;33;0;18;0;00000000-0000-0000-0000-000000000000
19;19;0;;50;0;0;0.1;;7;0;35;33;0;19;0;00000000-0000-0000-0000-000000000000
20;20;0;;50;0;0;0.1;;7;0;35;33;0;20;0;00000000-0000-0000-0000-000000000000
21;21;0;;50;0;0;0.1;;7;0;35;33;0;21;0;00000000-0000-0000-0000-000000000000
22;22;0;;50;0;0;0.1;;7;0;35;33;0;22;0;00000000-0000-0000-0000-000000000000
23;23;0;;50;0;0;0.1;;7;0;35;33;0;23;0;00000000-0000-0000-0000-000000000000
24;24;0;;50;0;0;0.1;;7;0;35;33;0;24;0;00000000-0000-0000-0000-000000000000
25;25;0;;50;0;0;0.1;;7;0;35;33;0;25;0;00000000-0000-0000-0000-000000000000
26;26;0;;50;0;0;0.1;;7;0;35;33;0;26;0;00000000-0000-0000-0000-000000000000
27;27;0;;50;0;0;0.1;;7;0;35;33;0;27;0;00000000-0000-0000-0000-000000000000
28;28;0;;50;0;0;0.1;;7;0;35;33;0;28;0;00000000-0000-0000-0000-000000000000
29;29;0;;50;0;0;0.1;;7;0;35;33;0;29;0;00000000-0000-0000-0000-000000000000
30;30;0;;50;0;0;0.1;;7;0;35;33;0;30;0;00000000-0000-0000-0000-000000000000
31;31;0;;50;0;0;0.1;;7;0;35;33;0;31;0;00000000-0000-0000-0000-000000000000
32;32;0;;50;0;0;0.1;;7;0;35;33;0;32;0;00000000-0000-0000-0000-000000000000
33;33;0;;50;0;0;0.1;;7;0;35;33;0;33;0;00000000-0000-0000-0000-000000000000
34;34;0;;50;0;0;0.1;;7;0;35;33;0;34;0;00000000-0000-0000-0000-000000000000
35;35;0;;50;0;0;0.1;;7;0;35;33;0;0;1;00000000-0000-0000-0000-000000000000
36;36;0;;50;0;0;0.1;;7;0;35;33;0;1;1;00000000-0000-0000-0000-000000000000
37;37;0;;50;0;0;0.1;;7;0;35;33;0;2;1;00000000-0000-0000-0000-000000000000
38;38;0;;50;0;0;0.1;;7;0;35;33;0;3;1;00000000-0000-0000-0000-000000000000
39;39;0;;50;0;0;0.1;;7;0;35;33;0;4;1;00000000-0000-0000-0000-000000000000
40;40;0;;50;0;0;0.1;;7;0;35;33;0;5;1;00000000-0000-0000-0000-000000000000
41;41;0;;50;0;0;0.1;;7;0;35;33;0;6;1;00000000-0000-0000-0000-000000000000
42;42;0;;50;0;0;0.1;;7;0;35;33;0;7;1;00000000-0000-0000-0000-000000000000
43;43;0;;50;0;0;0.1;;7;0;35;33;0;8;1;00000000-0000-0000-0000-000000000000
44;44;0;;50;0;0;0.1;;7;0;35;33;0;9;1;00000000-0000-0000-0000-000000000000
45;45;0;;50;0;0;0.1;;7;0;35;33;0;10;1;00000000-0000-0000-0000-000000000000
46;46;0;;50;0;0;0.1;;7;0;35;33;0;11;1;00000000-0000-0000-0000-000000000000
47;47;0;;50;0;0;0.1;;7;0;35;33;0;12;1;00000000-0000-0000-0000-000000000000
48;48;0;;50;0;0;0.1;;7;0;35;33;0;13;1;00000000-0000-0000-0000-000000000000
49;49;0;;50;0;0;0.1;;7;0;35;33;0;14;1;00000000-0000-0000-0000-000000000000
50;50;0;;50;0;0;0.1;;7;0;35;33;0;15;1;00000000-0000-0000-0000-000000000000
51;51;0;;50;0;0;0.1;;7;0;35;33;0;16;1;00000000-0000-0000-0000-000000000000
52;52;0;;50;0;0;0.1;;7;0;35;33;0;17;1;00000000-0000-0000-0000-000000000000
53;53;0;;50;0;0;0.1;;7;0;35;33;0;18;1;00000000-0000-0000-0000-000000000000
54;54;0;;50;0;0;0.1;;7;0;35;33;0;19;1;00000000-0000-0000-0000-000000000000
55;55;0;;50;0;0;0.1;;7;0;35;33;0;20;1;00000000-0000-0000-0000-000000000000
56;56;0;;50;0;0;0.1;;7;0;35;33;0;21;1;00000000-0000-0000-0000-000000000000
57;57;0;;50;0;0;0.1;;7;0;35;33;0;22;1;00000000-0000-0000-0000-000000000000
58;58;0;;50;0;0;0.1;;7;0;35;33;0;23;1;00000000-0000-0000-0000-000000000000
59;59;0;;50;0;0;0.1;;7;0;35;33;0;24;1;00000000-0000-0000-0000-000000000000
60;60;0;;50;0;0;0.1;;7;0;35;33;0;25;1;00000000-0000-0000-0000-000000000000
61;61;0;;50;0;0;0.1;;7;0;35;33;0;26;1;00000000-0000-0000-0000-000000000000
62;62;0;;50;0;0;0.1;;7;0;35;33;0;27;1;00000000-0000-0000-0000-000000000000
63;63;0;;50;0;0;0.1;;7;0;35;33;0;28;1;00000000-0000-0000-0000-000000000000
64;64;0;;50;0;0;0.1;;7;0;35;33;0;29;1;00000000-0000-0000-0000-000000000000
65;65;0;;50;0;0;0.1;;7;0;35;33;0;30;1;00000000-0000-0000-0000-000000000000
66;66;0;;50;0;0;0.1;;7;0;35;33;0;31;1;00000000-0000-0000-0000-000000000000
67;67;0;;50;0;0;0.1;;7;0;35;33;0;32;1;00000000-0000-0000-0000-000000000000
68;68;0;;50;0;0;0.1;;7;0;35;33;0;33;1;00000000-0000-0000-0000-000000000000
69;69;0;;50;0;0;0.1;;7;0;35;33;0;34;1;00000000-0000-0000-0000-000000000000
70;70;0;;50;0;0;0.1;;7;0;35;33;0;0;2;00000000-0000-0000-0000-000000000000
71;71;0;;50;0;0;0.1;;7;0;35;33;0;1;2;00000000-0000-0000-0000-000000000000
72;72;0;;50;0;0;0.1;;7;0;35;33;0;2;2;00000000-0000-0000-0000-000000000000
73;73;0;;50;0;0;0.1;;7;0;35;33;0;3;2;00000000-0000-0000-0000-000000000000
74;74;0;;50;0;0;0.1;;7;0;35;33;0;4;2;00000000-0000-0000-0000-000000000000
75;75;0;;50;0;0;0.1;;7;0;35;33;0;5;2;00000000-0000-0000-0000-000000000000
76;76;0;;50;0;0;0.1;;7;0;35;33;0;6;2;00000000-0000-0000-0000-000000000000
77;77;0;;50;0;0;0.1;;7;0;35;33;0;7;2;00000000-0000-0000-0000-000000000000
78;78;0;;50;0;0;0.1;;7;0;35;33;0;8;2;00000000-0000-0000-0000-000000000000
79;79;0;;50;0;0;0.1;;7;0;35;33;0;9;2;00000000-0000-0000-0000-000000000000
80;80;0;;50;0;0;0.1;;7;0;35;33;0;10;2;00000000-0000-0000-0000-000000000000
81;81;0;;50;0;0;0.1;;7;0;35;33;0;11;2;00000000-0000-0000-0000-000000000000
82;82;0;;50;0;0;0.1;;7;0;35;33;0;12;2;00000000-0000-0000-0000-000000000000
83;83;0;;50;0;0;0.1;;7;0;35;33;0;13;2;00000000-0000-0000-0000-000000000000
84;84;0;;50;0;0;0.1;;7;0;35;33;0;14;2;00000000-0000-0000-0000-000000000000
85;85;0;;50;0;0;0.1;;7;0;35;33;0;15;2;00000000-0000-0000-0000-000000000000
86;86;0;;50;0;0;0.1;;7;0;35;33;0;16;2;00000000-0000-0000-0000-000000000000
87;87;0;;50;0;0;0.1;;7;0;35;33;0;17;2;00000000-0000-0000-0000-000000000000
88;88;0;;50;0;0;0.1;;7;0;35;33;0;18;2;00000000-0000-0000-0000-000000000000
89;89;0;;50;0;0;0.1;;7;0;35;33;0;19;2;00000000-0000-0000-0000-000000000000
90;90;0;;50;0;0;0.1;;7;0;35;33;0;20;2;00000000-0000-0000-0000-000000000000
91;91;0;;50;0;0;0.1;;7;0;35;33;0;21;2;00000000-0000-0000-0000-000000000000
92;92;0;;50;0;0;0.1;;7;0;35;33;0;22;2;00000000-0000-0000-0000-000000000000
93;93;0;;50;0;0;0.1;;7;0;35;33;0;23;2;00000000-0000-0000-0000-000000000000
94;94;0;;50;0;0;0.1;;7;0;35;33;0;24;2;00000000-0000-0000-0000-000000000000
95;95;0;;50;0;0;0.1;;7;0;35;33;0;25;2;00000000-0000-0000-0000-000000000000
96;96;0;;50;0;0;0.1;;7;0;35;33;0;26;2;00000000-0000-0000-0000-000000000000
97;97;0;;50;0;0;0.1;;7;0;35;33;0;27;2;00000000-0000-0000-0000-000000000000
98;98;0;;50;0;0;0.1;;7;0;35;33;0;28;2;00000000-0000-0000-0000-000000000000
99;99;0;;50;0;0;0.1;;7;0;35;33;0;29;2;00000000-0000-0000-0000-000000000000
100;100;0;;50;0;0;0.1;;7;0;35;33;0;30;2;00000000-0000-0000-0000-000000000000
101;101;0;;50;0;0;0.1;;7;0;35;33;0;31;2;00000000-0000-0000-0000-000000000000
102;102;0;;50;0;0;0.1;;7;0;35;33;0;32;2;00000000-0000-0000-0000-000000000000
103;103;0;;50;0;0;0.1;;7;0;35;33;0;33;2;00000000-0000-0000-0000-000000000000
104;104;0;;50;0;0;0.1;;7;0;35;33;0;34;2;00000000-0000-0000-0000-000000000000
105;105;0;;50;0;0;0.1;;7;0;35;33;0;0;3;00000000-0000-0000-0000-000000000000
106;106;0;;50;0;0;0.1;;7;0;35;33;0;1;3;00000000-0000-0000-0000-000000000000
107;107;0;;50;0;0;0.1;;7;0;35;33;0;2;3;00000000-0000-0000-0000-000000000000
108;108;0;;50;0;0;0.1;;7;0;35;33;0;3;3;00000000-0000-0000-0000-000000000000
109;109;0;;50;0;0;0.1;;7;0;35;33;0;4;3;00000000-0000-0000-0000-000000000000
110;110;0;;50;0;0;0.1;;7;0;35;33;0;5;3;00000000-0000-0000-0000-000000000000
111;111;0;;50;0;0;0.1;;7;0;35;33;0;6;3;00000000-0000-0000-0000-000000000000
112;112;0;;50;0;0;0.1;;7;0;35;33;0;7;3;00000000-0000-0000-0000-000000000000
113;113;0;;50;0;0;0.1;;7;0;35;33;0;8;3;00000000-0000-0000-0000-000000000000
114;114;0;;50;0;0;0.1;;7;0;35;33;0;9;3;00000000-0000-0000-0000-000000000000
115;115;0;;50;0;0;0.1;;7;0;35;33;0;10;3;00000000-0000-0000-0000-000000000000
116;116;0;;50;0;0;0.1;;7;0;35;33;0;11;3;00000000-0000-0000-0000-000000000000
117;117;0;;50;0;0;0.1;;7;0;35;33;0;12;3;00000000-0000-0000-0000-000000000000
118;118;0;;50;0;0;0.1;;7;0;35;33;0;13;3;00000000-0000-0000-0000-000000000000
119;119;0;;50;0;0;0.1;;7;0;35;33;0;14;3;00000000-0000-0000-0000-000000000000
120;120;0;;50;0;0;0.1;;7;0;35;33;0;15;3;00000000-0000-0000-0000-000000000000
121;121;0;;50;0;0;0.1;;7;0;35;33;0;16;3;00000000-0000-0000-0000-000000000000
122;122;0;;50;0;0;0.1;;7;0;35;33;0;17;3;00000000-0000-0000-0000-000000000000
123;123;0;;50;0;0;0.1;;7;0;35;33;0;18;3;00000000-0000-0000-0000-000000000000
124;124;0;;50;0;0;0.1;;7;0;35;33;0;19;3;00000000-0000-0000-0000-000000000000
125;125;0;;50;0;0;0.1;;7;0;35;33;0;20;3;00000000-0000-0000-0000-000000000000
126;126;0;;50;0;0;0.1;;7;0;35;33;0;21;3;00000000-0000-0000-0000-000000000000
127;127;0;;50;0;0;0.1;;7;0;35;33;0;22;3;00000000-0000-0000-0000-000000000000
128;128;0;;50;0;0;0.1;;7;0;35;33;0;23;3;00000000-0000-0000-0000-000000000000
129;129;0;;50;0;0;0.1;;7;0;35;33;0;24;3;00000000-0000-0000-0000-000000000000
130;130;0;;50;0;0;0.1;;7;0;35;33;0;25;3;00000000-0000-0000-0000-000000000000
131;131;0;;50;0;0;0.1;;7;0;35;33;0;26;3;00000000-0000-0000-0000-000000000000
132;132;0;;50;0;0;0.1;;7;0;35;33;0;27;3;00000000-0000-0000-0000-000000000000
133;133;0;;50;0;0;0.1;;7;0;35;33;0;28;3;00000000-0000-0000-0000-000000000000
134;134;0;;50;0;0;0.1;;7;0;35;33;0;29;3;00000000-0000-0000-0000-000000000000
135;135;0;;50;0;0;0.1;;7;0;35;33;0;30;3;00000000-0000-0000-0000-000000000000
136;136;0;;50;0;0;0.1;;7;0;35;33;0;31;3;00000000-0000-0000-0000-000000000000
137;137;0;;50;0;0;0.1;;7;0;35;33;0;32;3;00000000-0000-0000-0000-000000000000
138;138;0;;50;0;0;0.1;;7;0;35;33;0;33;3;00000000-0000-0000-0000-000000000000
139;139;0;;50;0;0;0.1;;7;0;35;33;0;34;3;00000000-0000-0000-0000-000000000000
140;140;0;;50;0;0;0.1;;7;0;35;33;0;0;4;00000000-0000-0000-0000-000000000000
141;141;0;;50;0;0;0.1;;7;0;35;33;0;1;4;00000000-0000-0000-0000-000000000000
142;142;0;;50;0;0;0.1;;7;0;35;33;0;2;4;00000000-0000-0000-0000-000000000000
143;143;0;;50;0;0;0.1;;7;0;35;33;0;3;4;00000000-0000-0000-0000-000000000000
144;144;0;;50;0;0;0.1;;7;0;35;33;0;4;4;00000000-0000-0000-0000-000000000000
145;145;0;;50;0;0;0.1;;7;0;35;33;0;5;4;00000000-0000-0000-0000-000000000000
146;146;0;;50;0;0;0.1;;7;0;35;33;0;6;4;00000000-0000-0000-0000-000000000000
147;147;0;;50;0;0;0.1;;7;0;35;33;0;7;4;00000000-0000-0000-0000-000000000000
148;148;0;;50;0;0;0.1;;7;0;35;33;0;8;4;00000000-0000-0000-0000-000000000000
149;149;0;;50;0;0;0.1;;7;0;35;33;0;9;4;00000000-0000-0000-0000-000000000000
150;150;0;;50;0;0;0.1;;7;0;35;33;0;10;4;00000000-0000-0000-0000-000000000000
151;151;0;;50;0;0;0.1;;7;0;35;33;0;11;4;00000000-0000-0000-0000-000000000000
152;152;0;;50;0;0;0.1;;7;0;35;33;0;12;4;00000000-0000-0000-0000-000000000000
153;153;0;;50;0;0;0.1;;7;0;35;33;0;13;4;00000000-0000-0000-0000-000000000000
154;154;0;;50;0;0;0.1;;7;0;35;33;0;14;4;00000000-0000-0000-0000-000000000000
155;155;0;;50;0;0;0.1;;7;0;35;33;0;15;4;00000000-0000-0000-0000-000000000000
156;156;0;;50;0;0;0.1;;7;0;35;33;0;16;4;00000000-0000-0000-0000-000000000000
157;157;0;;50;0;0;0.1;;7;0;35;33;0;17;4;00000000-0000-0000-0000-000000000000
158;158;0;;50;0;0;0.1;;7;0;35;33;0;18;4;00000000-0000-0000-0000-000000000000
159;159;0;;50;0;0;0.1;;7;0;35;33;0;19;4;00000000-0000-0000-0000-000000000000
160;160;0;;50;0;0;0.1;;7;0;35;33;0;20;4;00000000-0000-0000-0000-000000000000
161;161;0;;50;0;0;0.1;;7;0;35;33;0;21;4;00000000-0000-0000-0000-000000000000
162;162;0;;50;0;0;0.1;;7;0;35;33;0;22;4;00000000-0000-0000-0000-000000000000
163;163;0;;50;0;0;0.1;;7;0;35;33;0;23;4;00000000-0000-0000-0000-000000000000
164;164;0;;50;0;0;0.1;;7;0;35;33;0;24;4;00000000-0000-0000-0000-000000000000
165;165;0;;50;0;0;0.1;;7;0;35;33;0;25;4;00000000-0000-0000-0000-000000000000
166;166;0;;50;0;0;0.1;;7;0;35;33;0;26;4;00000000-0000-0000-0000-000000000000
167;167;0;;50;0;0;0.1;;7;0;35;33;0;27;4;00000000-0000-0000-0000-000000000000
168;168;0;;50;0;0;0.1;;7;0;35;33;0;28;4;00000000-0000-0000-0000-000000000000
169;169;0;;50;0;0;0.1;;7;0;35;33;0;29;4;00000000-0000-0000-0000-000000000000
170;170;0;;50;0;0;0.1;;7;0;35;33;0;30;4;00000000-0000-0000-0000-000000000000
171;171;0;;50;0;0;0.1;;7;0;35;33;0;31;4;00000000-0000-0000-0000-000000000000
172;172;0;;50;0;0;0.1;;7;0;35;33;0;32;4;00000000-0000-0000-0000-000000000000
173;173;0;;50;0;0;0.1;;7;0;35;33;0;33;4;00000000-0000-0000-0000-000000000000
174;174;0;;50;0;0;0.1;;7;0;35;33;0;34;4;00000000-0000-0000-0000-000000000000
175;175;0;;50;0;0;0.1;;7;0;35;33;0;0;5;00000000-0000-0000-0000-000000000000
176;176;0;;50;0;0;0.1;;7;0;35;33;0;1;5;00000000-0000-0000-0000-000000000000
177;177;0;;50;0;0;0.1;;7;0;35;33;0;2;5;00000000-0000-0000-0000-000000000000
178;178;0;;50;0;0;0.1;;7;0;35;33;0;3;5;00000000-0000-0000-0000-000000000000
179;179;0;;50;0;0;0.1;;7;0;35;33;0;4;5;00000000-0000-0000-0000-000000000000
180;180;0;;50;0;0;0.1;;7;0;35;33;0;5;5;00000000-0000-0000-0000-000000000000
181;181;0;;50;0;0;0.1;;7;0;35;33;0;6;5;00000000-0000-0000-0000-000000000000
182;182;0;;50;0;0;0.1;;7;0;35;33;0;7;5;00000000-0000-0000-0000-000000000000
183;183;0;;50;0;0;0.1;;7;0;35;33;0;8;5;00000000-0000-0000-0000-000000000000
184;184;0;;50;0;0;0.1;;7;0;35;33;0;9;5;00000000-0000-0000-0000-000000000000
185;185;0;;50;0;0;0.1;;7;0;35;33;0;10;5;00000000-0000-0000-0000-000000000000
186;186;0;;50;0;0;0.1;;7;0;35;33;0;11;5;00000000-0000-0000-0000-000000000000
187;187;0;;50;0;0;0.1;;7;0;35;33;0;12;5;00000000-0000-0000-0000-000000000000
188;188;0;;50;0;0;0.1;;7;0;35;33;0;13;5;00000000-0000-0000-0000-000000000000
189;189;0;;50;0;0;0.1;;7;0;35;33;0;14;5;00000000-0000-0000-0000-000000000000
190;190;0;;50;0;0;0.1;;7;0;35;33;0;15;5;00000000-0000-0000-0000-000000000000
191;191;0;;50;0;0;0.1;;7;0;35;33;0;16;5;00000000-0000-0000-0000-000000000000
192;192;0;;50;0;0;0.1;;7;0;35;33;0;17;5;00000000-0000-0000-0000-000000000000
193;193;0;;50;0;0;0.1;;7;0;35;33;0;18;5;00000000-0000-0000-0000-000000000000
194;194;0;;50;0;0;0.1;;7;0;35;33;0;19;5;00000000-0000-0000-0000-000000000000
195;195;0;;50;0;0;0.1;;7;0;35;33;0;20;5;00000000-0000-0000-0000-000000000000
196;196;0;;50;0;0;0.1;;7;0;35;33;0;21;5;00000000-0000-0000-0000-000000000000
197;197;0;;50;0;0;0.1;;7;0;35;33;0;22;5;00000000-0000-0000-0000-000000000000
198;198;0;;50;0;0;0.1;;7;0;35;33;0;23;5;00000000-0000-0000-0000-000000000000
199;199;0;;50;0;0;0.1;;7;0;35;33;0;24;5;00000000-0000-0000-0000-000000000000
200;200;0;;50;0;0;0.1;;7;0;35;33;0;25;5;00000000-0000-0000-0000-000000000000
201;201;0;;50;0;0;0.1;;7;0;35;33;0;26;5;00000000-0000-0000-0000-000000000000
202;202;0;;50;0;0;0.1;;7;0;35;33;0;27;5;00000000-0000-0000-0000-000000000000
203;203;0;;50;0;0;0.1;;7;0;35;33;0;28;5;00000000-0000-0000-0000-000000000000
204;204;0;;50;0;0;0.1;;7;0;35;33;0;29;5;00000000-0000-0000-0000-000000000000
205;205;0;;50;0;0;0.1;;7;0;35;33;0;30;5;00000000-0000-0000-0000-000000000000
206;206;0;;50;0;0;0.1;;7;0;35;33;0;31;5;00000000-0000-0000-0000-000000000000
207;207;0;;50;0;0;0.1;;7;0;35;33;0;32;5;00000000-0000-0000-0000-000000000000
208;208;0;;50;0;0;0.1;;7;0;35;33;0;33;5;00000000-0000-0000-0000-000000000000
209;209;0;;50;0;0;0.1;;7;0;35;33;0;34;5;00000000-0000-0000-0000-000000000000
210;210;0;;50;0;0;0.1;;7;0;35;33;0;0;6;00000000-0000-0000-0000-000000000000
211;211;0;;50;0;0;0.1;;7;0;35;33;0;1;6;00000000-0000-0000-0000-000000000000
212;212;0;;50;0;0;0.1;;7;0;35;33;0;2;6;00000000-0000-0000-0000-000000000000
213;213;0;;50;0;0;0.1;;7;0;35;33;0;3;6;00000000-0000-0000-0000-000000000000
214;214;0;;50;0;0;0.1;;7;0;35;33;0;4;6;00000000-0000-0000-0000-000000000000
215;215;0;;50;0;0;0.1;;7;0;35;33;0;5;6;00000000-0000-0000-0000-000000000000
216;216;0;;50;0;0;0.1;;7;0;35;33;0;6;6;00000000-0000-0000-0000-000000000000
217;217;0;;50;0;0;0.1;;7;0;35;33;0;7;6;00000000-0000-0000-0000-000000000000
218;218;0;;50;0;0;0.1;;7;0;35;33;0;8;6;00000000-0000-0000-0000-000000000000
219;219;0;;50;0;0;0.1;;7;0;35;33;0;9;6;00000000-0000-0000-0000-000000000000
220;220;0;;50;0;0;0.1;;7;0;35;33;0;10;6;00000000-0000-0000-0000-000000000000
221;221;0;;50;0;0;0.1;;7;0;35;33;0;11;6;00000000-0000-0000-0000-000000000000
222;222;0;;50;0;0;0.1;;7;0;35;33;0;12;6;00000000-0000-0000-0000-000000000000
223;223;0;;50;0;0;0.1;;7;0;35;33;0;13;6;00000000-0000-0000-0000-000000000000
224;224;0;;50;0;0;0.1;;7;0;35;33;0;14;6;00000000-0000-0000-0000-000000000000
225;225;0;;50;0;0;0.1;;7;0;35;33;0;15;6;00000000-0000-0000-0000-000000000000
226;226;0;;50;0;0;0.1;;7;0;35;33;0;16;6;00000000-0000-0000-0000-000000000000
227;227;0;;50;0;0;0.1;;7;0;35;33;0;17;6;00000000-0000-0000-0000-000000000000
228;228;0;;50;0;0;0.1;;7;0;35;33;0;18;6;00000000-0000-0000-0000-000000000000
229;229;0;;50;0;0;0.1;;7;0;35;33;0;19;6;00000000-0000-0000-0000-000000000000
230;230;0;;50;0;0;0.1;;7;0;35;33;0;20;6;00000000-0000-0000-0000-000000000000
231;231;0;;50;0;0;0.1;;7;0;35;33;0;21;6;00000000-0000-0000-0000-000000000000
232;232;0;;50;0;0;0.1;;7;0;35;33;0;22;6;00000000-0000-0000-0000-000000000000
233;233;0;;50;0;0;0.1;;7;0;35;33;0;23;6;00000000-0000-0000-0000-000000000000
234;234;0;;50;0;0;0.1;;7;0;35;33;0;24;6;00000000-0000-0000-0000-000000000000
235;235;0;;50;0;0;0.1;;7;0;35;33;0;25;6;00000000-0000-0000-0000-000000000000
236;236;0;;50;0;0;0.1;;7;0;35;33;0;26;6;00000000-0000-0000-0000-000000000000
237;237;0;;50;0;0;0.1;;7;0;35;33;0;27;6;00000000-0000-0000-0000-000000000000
238;238;0;;50;0;0;0.1;;7;0;35;33;0;28;6;00000000-0000-0000-0000-000000000000
239;239;0;;50;0;0;0.1;;7;0;35;33;0;29;6;00000000-0000-0000-0000-000000000000
240;240;0;;50;0;0;0.1;;7;0;35;33;0;30;6;00000000-0000-0000-0000-000000000000
241;241;0;;50;0;0;0.1;;7;0;35;33;0;31;6;00000000-0000-0000-0000-000000000000
242;242;0;;50;0;0;0.1;;7;0;35;33;0;32;6;00000000-0000-0000-0000-000000000000
243;243;0;;50;0;0;0.1;;7;0;35;33;0;33;6;00000000-0000-0000-0000-000000000000
244;244;0;;50;0;0;0.1;;7;0;35;33;0;34;6;00000000-0000-0000-0000-000000000000
245;245;0;;50;0;0;0.1;;7;0;35;33;0;0;7;00000000-0000-0000-0000-000000000000
246;246;0;;50;0;0;0.1;;7;0;35;33;0;1;7;00000000-0000-0000-0000-000000000000
247;247;0;;50;0;0;0.1;;7;0;35;33;0;2;7;00000000-0000-0000-0000-000000000000
248;248;0;;50;0;0;0.1;;7;0;35;33;0;3;7;00000000-0000-0000-0000-000000000000
249;249;0;;50;0;0;0.1;;7;0;35;33;0;4;7;00000000-0000-0000-0000-000000000000
250;250;0;;50;0;0;0.1;;7;0;35;33;0;5;7;00000000-0000-0000-0000-000000000000
251;251;0;;50;0;0;0.1;;7;0;35;33;0;6;7;00000000-0000-0000-0000-000000000000
252;252;0;;50;0;0;0.1;;7;0;35;33;0;7;7;00000000-0000-0000-0000-000000000000
253;253;0;;50;0;0;0.1;;7;0;35;33;0;8;7;00000000-0000-0000-0000-000000000000
254;254;0;;50;0;0;0.1;;7;0;35;33;0;9;7;00000000-0000-0000-0000-000000000000
255;255;0;;50;0;0;0.1;;7;0;35;33;0;10;7;00000000-0000-0000-0000-000000000000
256;256;0;;50;0;0;0.1;;7;0;35;33;0;11;7;00000000-0000-0000-0000-000000000000
257;257;0;;50;0;0;0.1;;7;0;35;33;0;12;7;00000000-0000-0000-0000-000000000000
258;258;0;;50;0;0;0.1;;7;0;35;33;0;13;7;00000000-0000-0000-0000-000000000000
259;259;0;;50;0;0;0.1;;7;0;35;33;0;14;7;00000000-0000-0000-0000-000000000000
260;260;0;;50;0;0;0.1;;7;0;35;33;0;15;7;00000000-0000-0000-0000-000000000000
261;261;0;;50;0;0;0.1;;7;0;35;33;0;16;7;00000000-0000-0000-0000-000000000000
262;262;0;;50;0;0;0.1;;7;0;35;33;0;17;7;00000000-0000-0000-0000-000000000000
263;263;0;;50;0;0;0.1;;7;0;35;33;0;18;7;00000000-0000-0000-0000-000000000000
264;264;0;;50;0;0;0.1;;7;0;35;33;0;19;7;00000000-0000-0000-0000-000000000000
265;265;0;;50;0;0;0.1;;7;0;35;33;0;20;7;00000000-0000-0000-0000-000000000000
266;266;0;;50;0;0;0.1;;7;0;35;33;0;21;7;00000000-0000-0000-0000-000000000000
267;267;0;;50;0;0;0.1;;7;0;35;33;0;22;7;00000000-0000-0000-0000-000000000000
268;268;0;;50;0;0;0.1;;7;0;35;33;0;23;7;00000000-0000-0000-0000-000000000000
269;269;0;;50;0;0;0.1;;7;0;35;33;0;24;7;00000000-0000-0000-0000-000000000000
270;270;0;;50;0;0;0.1;;7;0;35;33;0;25;7;00000000-0000-0000-0000-000000000000
271;271;0;;50;0;0;0.1;;7;0;35;33;0;26;7;00000000-0000-0000-0000-000000000000
272;272;0;;50;0;0;0.1;;7;0;35;33;0;27;7;00000000-0000-0000-0000-000000000000
273;273;0;;50;0;0;0.1;;7;0;35;33;0;28;7;00000000-0000-0000-0000-000000000000
274;274;0;;50;0;0;0.1;;7;0;35;33;0;29;7;00000000-0000-0000-0000-000000000000
275;275;0;;50;0;0;0.1;;7;0;35;33;0;30;7;00000000-0000-0000-0000-000000000000
276;276;0;;50;0;0;0.1;;7;0;35;33;0;31;7;00000000-0000-0000-0000-000000000000
277;277;0;;50;0;0;0.1;;7;0;35;33;0;32;7;00000000-0000-0000-0000-000000000000
278;278;0;;50;0;0;0.1;;7;0;35;33;0;33;7;00000000-0000-0000-0000-000000000000
279;279;0;;50;0;0;0.1;;7;0;35;33;0;34;7;00000000-0000-0000-0000-000000000000
280;280;0;;50;0;0;0.1;;7;0;35;33;0;0;8;00000000-0000-0000-0000-000000000000
281;281;0;;50;0;0;0.1;;7;0;35;33;0;1;8;00000000-0000-0000-0000-000000000000
282;282;0;;50;0;0;0.1;;7;0;35;33;0;2;8;00000000-0000-0000-0000-000000000000
283;283;0;;50;0;0;0.1;;7;0;35;33;0;3;8;00000000-0000-0000-0000-000000000000
284;284;0;;50;0;0;0.1;;7;0;35;33;0;4;8;00000000-0000-0000-0000-000000000000
285;285;0;;50;0;0;0.1;;7;0;35;33;0;5;8;00000000-0000-0000-0000-000000000000
286;286;0;;50;0;0;0.1;;7;0;35;33;0;6;8;00000000-0000-0000-0000-000000000000
287;287;0;;50;0;0;0.1;;7;0;35;33;0;7;8;00000000-0000-0000-0000-000000000000
288;288;0;;50;0;0;0.1;;7;0;35;33;0;8;8;00000000-0000-0000-0000-000000000000
289;289;0;;50;0;0;0.1;;7;0;35;33;0;9;8;00000000-0000-0000-0000-000000000000
290;290;0;;50;0;0;0.1;;7;0;35;33;0;10;8;00000000-0000-0000-0000-000000000000
291;291;0;;50;0;0;0.1;;7;0;35;33;0;11;8;00000000-0000-0000-0000-000000000000
292;292;0;;50;0;0;0.1;;7;0;35;33;0;12;8;00000000-0000-0000-0000-000000000000
293;293;0;;50;0;0;0.1;;7;0;35;33;0;13;8;00000000-0000-0000-0000-000000000000
294;294;0;;50;0;0;0.1;;7;0;35;33;0;14;8;00000000-0000-0000-0000-000000000000
295;295;0;;50;0;0;0.1;;7;0;35;33;0;15;8;00000000-0000-0000-0000-000000000000
296;296;0;;50;0;0;0.1;;7;0;35;33;0;16;8;00000000-0000-0000-0000-000000000000
297;297;0;;50;0;0;0.1;;7;0;35;33;0;17;8;00000000-0000-0000-0000-000000000000
298;298;0;;50;0;0;0.1;;7;0;35;33;0;18;8;00000000-0000-0000-0000-000000000000
299;299;0;;50;0;0;0.1;;7;0;35;33;0;19;8;00000000-0000-0000-0000-000000000000
300;300;0;;50;0;0;0.1;;7;0;35;33;0;20;8;00000000-0000-0000-0000-000000000000
301;301;0;;50;0;0;0.1;;7;0;35;33;0;21;8;00000000-0000-0000-0000-000000000000
302;302;0;;50;0;0;0.1;;7;0;35;33;0;22;8;00000000-0000-0000-0000-000000000000
303;303;0;;50;0;0;0.1;;7;0;35;33;0;23;8;00000000-0000-0000-0000-000000000000
304;304;0;;50;0;0;0.1;;7;0;35;33;0;24;8;00000000-0000-0000-0000-000000000000
305;305;0;;50;0;0;0.1;;7;0;35;33;0;25;8;00000000-0000-0000-0000-000000000000
306;306;0;;50;0;0;0.1;;7;0;35;33;0;26;8;00000000-0000-0000-0000-000000000000
307;307;0;;50;0;0;0.1;;7;0;35;33;0;27;8;00000000-0000-0000-0000-000000000000
308;308;0;;50;0;0;0.1;;7;0;35;33;0;28;8;00000000-0000-0000-0000-000000000000
309;309;0;;50;0;0;0.1;;7;0;35;33;0;29;8;00000000-0000-0000-0000-000000000000
310;310;0;;50;0;0;0.1;;7;0;35;33;0;30;8;00000000-0000-0000-0000-000000000000
311;311;0;;50;0;0;0.1;;7;0;35;33;0;31;8;00000000-0000-0000-0000-000000000000
312;312;0;;50;0;0;0.1;;7;0;35;33;0;32;8;00000000-0000-0000-0000-000000000000
313;313;0;;50;0;0;0.1;;7;0;35;33;0;33;8;00000000-0000-0000-0000-000000000000
314;314;0;;50;0;0;0.1;;7;0;35;33;0;34;8;00000000-0000-0000-0000-000000000000
315;315;0;;50;0;0;0.1;;7;0;35;33;0;0;9;00000000-0000-0000-0000-000000000000
316;316;0;;50;0;0;0.1;;7;0;35;33;0;1;9;00000000-0000-0000-0000-000000000000
317;317;0;;50;0;0;0.1;;7;0;35;33;0;2;9;00000000-0000-0000-0000-000000000000
318;318;0;;50;0;0;0.1;;7;0;35;33;0;3;9;00000000-0000-0000-0000-000000000000
319;319;0;;50;0;0;0.1;;7;0;35;33;0;4;9;00000000-0000-0000-0000-000000000000
320;320;0;;50;0;0;0.1;;7;0;35;33;0;5;9;00000000-0000-0000-0000-000000000000
321;321;0;;50;0;0;0.1;;7;0;35;33;0;6;9;00000000-0000-0000-0000-000000000000
322;322;0;;50;0;0;0.1;;7;0;35;33;0;7;9;00000000-0000-0000-0000-000000000000
323;323;0;;50;0;0;0.1;;7;0;35;33;0;8;9;00000000-0000-0000-0000-000000000000
324;324;0;;50;0;0;0.1;;7;0;35;33;0;9;9;00000000-0000-0000-0000-000000000000
325;325;0;;50;0;0;0.1;;7;0;35;33;0;10;9;00000000-0000-0000-0000-000000000000
326;326;0;;50;0;0;0.1;;7;0;35;33;0;11;9;00000000-0000-0000-0000-000000000000
327;327;0;;50;0;0;0.1;;7;0;35;33;0;12;9;00000000-0000-0000-0000-000000000000
328;328;0;;50;0;0;0.1;;7;0;35;33;0;13;9;00000000-0000-0000-0000-000000000000
329;329;0;;50;0;0;0.1;;7;0;35;33;0;14;9;00000000-0000-0000-0000-000000000000
330;330;0;;50;0;0;0.1;;7;0;35;33;0;15;9;00000000-0000-0000-0000-000000000000
331;331;0;;50;0;0;0.1;;7;0;35;33;0;16;9;00000000-0000-0000-0000-000000000000
332;332;0;;50;0;0;0.1;;7;0;35;33;0;17;9;00000000-0000-0000-0000-000000000000
333;333;0;;50;0;0;0.1;;7;0;35;33;0;18;9;00000000-0000-0000-0000-000000000000
334;334;0;;50;0;0;0.1;;7;0;35;33;0;19;9;00000000-0000-0000-0000-000000000000
335;335;0;;50;0;0;0.1;;7;0;35;33;0;20;9;00000000-0000-0000-0000-000000000000
336;336;0;;50;0;0;0.1;;7;0;35;33;0;21;9;00000000-0000-0000-0000-000000000000
337;337;0;;50;0;0;0.1;;7;0;35;33;0;22;9;00000000-0000-0000-0000-000000000000
338;338;0;;50;0;0;0.1;;7;0;35;33;0;23;9;00000000-0000-0000-0000-000000000000
339;339;0;;50;0;0;0.1;;7;0;35;33;0;24;9;00000000-0000-0000-0000-000000000000
340;340;0;;50;0;0;0.1;;7;0;35;33;0;25;9;00000000-0000-0000-0000-000000000000
341;341;0;;50;0;0;0.1;;7;0;35;33;0;26;9;00000000-0000-0000-0000-000000000000
342;342;0;;50;0;0;0.1;;7;0;35;33;0;27;9;00000000-0000-0000-0000-000000000000
343;343;0;;50;0;0;0.1;;7;0;35;33;0;28;9;00000000-0000-0000-0000-000000000000
344;344;0;;50;0;0;0.1;;7;0;35;33;0;29;9;00000000-0000-0000-0000-000000000000
345;345;0;;50;0;0;0.1;;7;0;35;33;0;30;9;00000000-0000-0000-0000-000000000000
346;346;0;;50;0;0;0.1;;7;0;35;33;0;31;9;00000000-0000-0000-0000-000000000000
347;347;0;;50;0;0;0.1;;7;0;35;33;0;32;9;00000000-0000-0000-0000-000000000000
348;348;0;;50;0;0;0.1;;7;0;35;33;0;33;9;00000000-0000-0000-0000-000000000000
349;349;0;;50;0;0;0.1;;7;0;35;33;0;34;9;00000000-0000-0000-0000-000000000000
350;350;0;;50;0;0;0.1;;7;0;35;33;0;0;10;00000000-0000-0000-0000-000000000000
351;351;0;;50;0;0;0.1;;7;0;35;33;0;1;10;00000000-0000-0000-0000-000000000000
352;352;0;;50;0;0;0.1;;7;0;35;33;0;2;10;00000000-0000-0000-0000-000000000000
353;353;0;;50;0;0;0.1;;7;0;35;33;0;3;10;00000000-0000-0000-0000-000000000000
354;354;0;;50;0;0;0.1;;7;0;35;33;0;4;10;00000000-0000-0000-0000-000000000000
355;355;0;;50;0;0;0.1;;7;0;35;33;0;5;10;00000000-0000-0000-0000-000000000000
356;356;0;;50;0;0;0.1;;7;0;35;33;0;6;10;00000000-0000-0000-0000-000000000000
357;357;0;;50;0;0;0.1;;7;0;35;33;0;7;10;00000000-0000-0000-0000-000000000000
358;358;0;;50;0;0;0.1;;7;0;35;33;0;8;10;00000000-0000-0000-0000-000000000000
359;359;0;;50;0;0;0.1;;7;0;35;33;0;9;10;00000000-0000-0000-0000-000000000000
360;360;0;;50;0;0;0.1;;7;0;35;33;0;10;10;00000000-0000-0000-0000-000000000000
361;361;0;;50;0;0;0.1;;7;0;35;33;0;11;10;00000000-0000-0000-0000-000000000000
362;362;0;;50;0;0;0.1;;7;0;35;33;0;12;10;00000000-0000-0000-0000-000000000000
363;363;0;;50;0;0;0.1;;7;0;35;33;0;13;10;00000000-0000-0000-0000-000000000000
364;364;0;;50;0;0;0.1;;7;0;35;33;0;14;10;00000000-0000-0000-0000-000000000000
365;365;0;;50;0;0;0.1;;7;0;35;33;0;15;10;00000000-0000-0000-0000-000000000000
366;366;0;;50;0;0;0.1;;7;0;35;33;0;16;10;00000000-0000-0000-0000-000000000000
367;367;0;;50;0;0;0.1;;7;0;35;33;0;17;10;00000000-0000-0000-0000-000000000000
368;368;0;;50;0;0;0.1;;7;0;35;33;0;18;10;00000000-0000-0000-0000-000000000000
369;369;0;;50;0;0;0.1;;7;0;35;33;0;19;10;00000000-0000-0000-0000-000000000000
370;370;0;;50;0;0;0.1;;7;0;35;33;0;20;10;00000000-0000-0000-0000-000000000000
371;371;0;;50;0;0;0.1;;7;0;35;33;0;21;10;00000000-0000-0000-0000-000000000000
372;372;0;;50;0;0;0.1;;7;0;35;33;0;22;10;00000000-0000-0000-0000-000000000000
373;373;0;;50;0;0;0.1;;7;0;35;33;0;23;10;00000000-0000-0000-0000-000000000000
374;374;0;;50;0;0;0.1;;7;0;35;33;0;24;10;00000000-0000-0000-0000-000000000000
375;375;0;;50;0;0;0.1;;7;0;35;33;0;25;10;00000000-0000-0000-0000-000000000000
376;376;0;;50;0;0;0.1;;7;0;35;33;0;26;10;00000000-0000-0000-0000-000000000000
377;377;0;;50;0;0;0.1;;7;0;35;33;0;27;10;00000000-0000-0000-0000-000000000000
378;378;0;;50;0;0;0.1;;7;0;35;33;0;28;10;00000000-0000-0000-0000-000000000000
379;379;0;;50;0;0;0.1;;7;0;35;33;0;29;10;00000000-0000-0000-0000-000000000000
380;380;0;;50;0;0;0.1;;7;0;35;33;0;30;10;00000000-0000-0000-0000-000000000000
381;381;0;;50;0;0;0.1;;7;0;35;33;0;31;10;00000000-0000-0000-0000-000000000000
382;382;0;;50;0;0;0.1;;7;0;35;33;0;32;10;00000000-0000-0000-0000-000000000000
383;383;0;;50;0;0;0.1;;7;0;35;33;0;33;10;00000000-0000-0000-0000-000000000000
384;384;0;;50;0;0;0.1;;7;0;35;33;0;34;10;00000000-0000-0000-0000-000000000000
385;385;0;;50;0;0;0.1;;7;0;35;33;0;0;11;00000000-0000-0000-0000-000000000000
386;386;0;;50;0;0;0.1;;7;0;35;33;0;1;11;00000000-0000-0000-0000-000000000000
387;387;0;;50;0;0;0.1;;7;0;35;33;0;2;11;00000000-0000-0000-0000-000000000000
388;388;0;;50;0;0;0.1;;7;0;35;33;0;3;11;00000000-0000-0000-0000-000000000000
389;389;0;;50;0;0;0.1;;7;0;35;33;0;4;11;00000000-0000-0000-0000-000000000000
390;390;0;;50;0;0;0.1;;7;0;35;33;0;5;11;00000000-0000-0000-0000-000000000000
391;391;0;;50;0;0;0.1;;7;0;35;33;0;6;11;00000000-0000-0000-0000-000000000000
392;392;0;;50;0;0;0.1;;7;0;35;33;0;7;11;00000000-0000-0000-0000-000000000000
393;393;0;;50;0;0;0.1;;7;0;35;33;0;8;11;00000000-0000-0000-0000-000000000000
394;394;0;;50;0;0;0.1;;7;0;35;33;0;9;11;00000000-0000-0000-0000-000000000000
395;395;0;;50;0;0;0.1;;7;0;35;33;0;10;11;00000000-0000-0000-0000-000000000000
396;396;0;;50;0;0;0.1;;7;0;35;33;0;11;11;00000000-0000-0000-0000-000000000000
397;397;0;;50;0;0;0.1;;7;0;35;33;0;12;11;00000000-0000-0000-0000-000000000000
398;398;0;;50;0;0;0.1;;7;0;35;33;0;13;11;00000000-0000-0000-0000-000000000000
399;399;0;;50;0;0;0.1;;7;0;35;33;0;14;11;00000000-0000-0000-0000-000000000000
400;400;0;;50;0;0;0.1;;7;0;35;33;0;15;11;00000000-0000-0000-0000-000000000000
401;401;0;;50;0;0;0.1;;7;0;35;33;0;16;11;00000000-0000-0000-0000-000000000000
402;402;0;;50;0;0;0.1;;7;0;35;33;0;17;11;00000000-0000-0000-0000-000000000000
403;403;0;;50;0;0;0.1;;7;0;35;33;0;18;11;00000000-0000-0000-0000-000000000000
404;404;0;;50;0;0;0.1;;7;0;35;33;0;19;11;00000000-0000-0000-0000-000000000000
405;405;0;;50;0;0;0.1;;7;0;35;33;0;20;11;00000000-0000-0000-0000-000000000000
406;406;0;;50;0;0;0.1;;7;0;35;33;0;21;11;00000000-0000-0000-0000-000000000000
407;407;0;;50;0;0;0.1;;7;0;35;33;0;22;11;00000000-0000-0000-0000-000000000000
408;408;0;;50;0;0;0.1;;7;0;35;33;0;23;11;00000000-0000-0000-0000-000000000000
409;409;0;;50;0;0;0.1;;7;0;35;33;0;24;11;00000000-0000-0000-0000-000000000000
410;410;0;;50;0;0;0.1;;7;0;35;33;0;25;11;00000000-0000-0000-0000-000000000000
411;411;0;;50;0;0;0.1;;7;0;35;33;0;26;11;00000000-0000-0000-0000-000000000000
412;412;0;;50;0;0;0.1;;7;0;35;33;0;27;11;00000000-0000-0000-0000-000000000000
413;413;0;;50;0;0;0.1;;7;0;35;33;0;28;11;00000000-0000-0000-0000-000000000000
414;414;0;;50;0;0;0.1;;7;0;35;33;0;29;11;00000000-0000-0000-0000-000000000000
415;415;0;;50;0;0;0.1;;7;0;35;33;0;30;11;00000000-0000-0000-0000-000000000000
416;416;0;;50;0;0;0.1;;7;0;35;33;0;31;11;00000000-0000-0000-0000-000000000000
417;417;0;;50;0;0;0.1;;7;0;35;33;0;32;11;00000000-0000-0000-0000-000000000000
418;418;0;;50;0;0;0.1;;7;0;35;33;0;33;11;00000000-0000-0000-0000-000000000000
419;419;0;;50;0;0;0.1;;7;0;35;33;0;34;11;00000000-0000-0000-0000-000000000000
420;420;0;;50;0;0;0.1;;7;0;35;33;0;0;12;00000000-0000-0000-0000-000000000000
421;421;0;;50;0;0;0.1;;7;0;35;33;0;1;12;00000000-0000-0000-0000-000000000000
422;422;0;;50;0;0;0.1;;7;0;35;33;0;2;12;00000000-0000-0000-0000-000000000000
423;423;0;;50;0;0;0.1;;7;0;35;33;0;3;12;00000000-0000-0000-0000-000000000000
424;424;0;;50;0;0;0.1;;7;0;35;33;0;4;12;00000000-0000-0000-0000-000000000000
425;425;0;;50;0;0;0.1;;7;0;35;33;0;5;12;00000000-0000-0000-0000-000000000000
426;426;0;;50;0;0;0.1;;7;0;35;33;0;6;12;00000000-0000-0000-0000-000000000000
427;427;0;;50;0;0;0.1;;7;0;35;33;0;7;12;00000000-0000-0000-0000-000000000000
428;428;0;;50;0;0;0.1;;7;0;35;33;0;8;12;00000000-0000-0000-0000-000000000000
429;429;0;;50;0;0;0.1;;7;0;35;33;0;9;12;00000000-0000-0000-0000-000000000000
430;430;0;;50;0;0;0.1;;7;0;35;33;0;10;12;00000000-0000-0000-0000-000000000000
431;431;0;;50;0;0;0.1;;7;0;35;33;0;11;12;00000000-0000-0000-0000-000000000000
432;432;0;;50;0;0;0.1;;7;0;35;33;0;12;12;00000000-0000-0000-0000-000000000000
433;433;0;;50;0;0;0.1;;7;0;35;33;0;13;12;00000000-0000-0000-0000-000000000000
434;434;0;;50;0;0;0.1;;7;0;35;33;0;14;12;00000000-0000-0000-0000-000000000000
435;435;0;;50;0;0;0.1;;7;0;35;33;0;15;12;00000000-0000-0000-0000-000000000000
436;436;0;;50;0;0;0.1;;7;0;35;33;0;16;12;00000000-0000-0000-0000-000000000000
437;437;0;;50;0;0;0.1;;7;0;35;33;0;17;12;00000000-0000-0000-0000-000000000000
438;438;0;;50;0;0;0.1;;7;0;35;33;0;18;12;00000000-0000-0000-0000-000000000000
439;439;0;;50;0;0;0.1;;7;0;35;33;0;19;12;00000000-0000-0000-0000-000000000000
440;440;0;;50;0;0;0.1;;7;0;35;33;0;20;12;00000000-0000-0000-0000-000000000000
441;441;0;;50;0;0;0.1;;7;0;35;33;0;21;12;00000000-0000-0000-0000-000000000000
442;442;0;;50;0;0;0.1;;7;0;35;33;0;22;12;00000000-0000-0000-0000-000000000000
443;443;0;;50;0;0;0.1;;7;0;35;33;0;23;12;00000000-0000-0000-0000-000000000000
444;444;0;;50;0;0;0.1;;7;0;35;33;0;24;12;00000000-0000-0000-0000-000000000000
445;445;0;;50;0;0;0.1;;7;0;35;33;0;25;12;00000000-0000-0000-0000-000000000000
446;446;0;;50;0;0;0.1;;7;0;35;33;0;26;12;00000000-0000-0000-0000-000000000000
447;447;0;;50;0;0;0.1;;7;0;35;33;0;27;12;00000000-0000-0000-0000-000000000000
448;448;0;;50;0;0;0.1;;7;0;35;33;0;28;12;00000000-0000-0000-0000-000000000000
449;449;0;;50;0;0;0.1;;7;0;35;33;0;29;12;00000000-0000-0000-0000-000000000000
450;450;0;;50;0;0;0.1;;7;0;35;33;0;30;12;00000000-0000-0000-0000-000000000000
451;451;0;;50;0;0;0.1;;7;0;35;33;0;31;12;00000000-0000-0000-0000-000000000000
452;452;0;;50;0;0;0.1;;7;0;35;33;0;32;12;00000000-0000-0000-0000-000000000000
453;453;0;;50;0;0;0.1;;7;0;35;33;0;33;12;00000000-0000-0000-0000-000000000000
454;454;0;;50;0;0;0.1;;7;0;35;33;0;34;12;00000000-0000-0000-0000-000000000000
455;455;0;;50;0;0;0.1;;7;0;35;33;0;0;13;00000000-0000-0000-0000-000000000000
456;456;0;;50;0;0;0.1;;7;0;35;33;0;1;13;00000000-0000-0000-0000-000000000000
457;457;0;;50;0;0;0.1;;7;0;35;33;0;2;13;00000000-0000-0000-0000-000000000000
458;458;0;;50;0;0;0.1;;7;0;35;33;0;3;13;00000000-0000-0000-0000-000000000000
459;459;0;;50;0;0;0.1;;7;0;35;33;0;4;13;00000000-0000-0000-0000-000000000000
460;460;0;;50;0;0;0.1;;7;0;35;33;0;5;13;00000000-0000-0000-0000-000000000000
461;461;0;;50;0;0;0.1;;7;0;35;33;0;6;13;00000000-0000-0000-0000-000000000000
462;462;0;;50;0;0;0.1;;7;0;35;33;0;7;13;00000000-0000-0000-0000-000000000000
463;463;0;;50;0;0;0.1;;7;0;35;33;0;8;13;00000000-0000-0000-0000-000000000000
464;464;0;;50;0;0;0.1;;7;0;35;33;0;9;13;00000000-0000-0000-0000-000000000000
465;465;0;;50;0;0;0.1;;7;0;35;33;0;10;13;00000000-0000-0000-0000-000000000000
466;466;0;;50;0;0;0.1;;7;0;35;33;0;11;13;00000000-0000-0000-0000-000000000000
467;467;0;;50;0;0;0.1;;7;0;35;33;0;12;13;00000000-0000-0000-0000-000000000000
468;468;0;;50;0;0;0.1;;7;0;35;33;0;13;13;00000000-0000-0000-0000-000000000000
469;469;0;;50;0;0;0.1;;7;0;35;33;0;14;13;00000000-0000-0000-0000-000000000000
470;470;0;;50;0;0;0.1;;7;0;35;33;0;15;13;00000000-0000-0000-0000-000000000000
471;471;0;;50;0;0;0.1;;7;0;35;33;0;16;13;00000000-0000-0000-0000-000000000000
472;472;0;;50;0;0;0.1;;7;0;35;33;0;17;13;00000000-0000-0000-0000-000000000000
473;473;0;;50;0;0;0.1;;7;0;35;33;0;18;13;00000000-0000-0000-0000-000000000000
474;474;0;;50;0;0;0.1;;7;0;35;33;0;19;13;00000000-0000-0000-0000-000000000000
475;475;0;;50;0;0;0.1;;7;0;35;33;0;20;13;00000000-0000-0000-0000-000000000000
476;476;0;;50;0;0;0.1;;7;0;35;33;0;21;13;00000000-0000-0000-0000-000000000000
477;477;0;;50;0;0;0.1;;7;0;35;33;0;22;13;00000000-0000-0000-0000-000000000000
478;478;0;;50;0;0;0.1;;7;0;35;33;0;23;13;00000000-0000-0000-0000-000000000000
479;479;0;;50;0;0;0.1;;7;0;35;33;0;24;13;00000000-0000-0000-0000-000000000000
480;480;0;;50;0;0;0.1;;7;0;35;33;0;25;13;00000000-0000-0000-0000-000000000000
481;481;0;;50;0;0;0.1;;7;0;35;33;0;26;13;00000000-0000-0000-0000-000000000000
482;482;0;;50;0;0;0.1;;7;0;35;33;0;27;13;00000000-0000-0000-0000-000000000000
483;483;0;;50;0;0;0.1;;7;0;35;33;0;28;13;00000000-0000-0000-0000-000000000000
484;484;0;;50;0;0;0.1;;7;0;35;33;0;29;13;00000000-0000-0000-0000-000000000000
485;485;0;;50;0;0;0.1;;7;0;35;33;0;30;13;00000000-0000-0000-0000-000000000000
486;486;0;;50;0;0;0.1;;7;0;35;33;0;31;13;00000000-0000-0000-0000-000000000000
487;487;0;;50;0;0;0.1;;7;0;35;33;0;32;13;00000000-0000-0000-0000-000000000000
488;488;0;;50;0;0;0.1;;7;0;35;33;0;33;13;00000000-0000-0000-0000-000000000000
489;489;0;;50;0;0;0.1;;7;0;35;33;0;34;13;00000000-0000-0000-0000-000000000000
490;490;0;;50;0;0;0.1;;7;0;35;33;0;0;14;00000000-0000-0000-0000-000000000000
491;491;0;;50;0;0;0.1;;7;0;35;33;0;1;14;00000000-0000-0000-0000-000000000000
492;492;0;;50;0;0;0.1;;7;0;35;33;0;2;14;00000000-0000-0000-0000-000000000000
493;493;0;;50;0;0;0.1;;7;0;35;33;0;3;14;00000000-0000-0000-0000-000000000000
494;494;0;;50;0;0;0.1;;7;0;35;33;0;4;14;00000000-0000-0000-0000-000000000000
495;495;0;;50;0;0;0.1;;7;0;35;33;0;5;14;00000000-0000-0000-0000-000000000000
496;496;0;;50;0;0;0.1;;7;0;35;33;0;6;14;00000000-0000-0000-0000-000000000000
497;497;0;;50;0;0;0.1;;7;0;35;33;0;7;14;00000000-0000-0000-0000-000000000000
498;498;0;;50;0;0;0.1;;7;0;35;33;0;8;14;00000000-0000-0000-0000-000000000000
499;499;0;;50;0;0;0.1;;7;0;35;33;0;9;14;00000000-0000-0000-0000-000000000000
500;500;0;;50;0;0;0.1;;7;0;35;33;0;10;14;00000000-0000-0000-0000-000000000000
501;501;0;;50;0;0;0.1;;7;0;35;33;0;11;14;00000000-0000-0000-0000-000000000000
502;502;0;;50;0;0;0.1;;7;0;35;33;0;12;14;00000000-0000-0000-0000-000000000000
503;503;0;;50;0;0;0.1;;7;0;35;33;0;13;14;00000000-0000-0000-0000-000000000000
504;504;0;;50;0;0;0.1;;7;0;35;33;0;14;14;00000000-0000-0000-0000-000000000000
505;505;0;;50;0;0;0.1;;7;0;35;33;0;15;14;00000000-0000-0000-0000-000000000000
506;506;0;;50;0;0;0.1;;7;0;35;33;0;16;14;00000000-0000-0000-0000-000000000000
507;507;0;;50;0;0;0.1;;7;0;35;33;0;17;14;00000000-0000-0000-0000-000000000000
508;508;0;;50;0;0;0.1;;7;0;35;33;0;18;14;00000000-0000-0000-0000-000000000000
509;509;0;;50;0;0;0.1;;7;0;35;33;0;19;14;00000000-0000-0000-0000-000000000000
510;510;0;;50;0;0;0.1;;7;0;35;33;0;20;14;00000000-0000-0000-0000-000000000000
511;511;0;;50;0;0;0.1;;7;0;35;33;0;21;14;00000000-0000-0000-0000-000000000000
512;512;0;;50;0;0;0.1;;7;0;35;33;0;22;14;00000000-0000-0000-0000-000000000000
513;513;0;;50;0;0;0.1;;7;0;35;33;0;23;14;00000000-0000-0000-0000-000000000000
514;514;0;;50;0;0;0.1;;7;0;35;33;0;24;14;00000000-0000-0000-0000-000000000000
515;515;0;;50;0;0;0.1;;7;0;35;33;0;25;14;00000000-0000-0000-0000-000000000000
516;516;0;;50;0;0;0.1;;7;0;35;33;0;26;14;00000000-0000-0000-0000-000000000000
517;517;0;;50;0;0;0.1;;7;0;35;33;0;27;14;00000000-0000-0000-0000-000000000000
518;518;0;;50;0;0;0.1;;7;0;35;33;0;28;14;00000000-0000-0000-0000-000000000000
519;519;0;;50;0;0;0.1;;7;0;35;33;0;29;14;00000000-0000-0000-0000-000000000000
520;520;0;;50;0;0;0.1;;7;0;35;33;0;30;14;00000000-0000-0000-0000-000000000000
521;521;0;;50;0;0;0.1;;7;0;35;33;0;31;14;00000000-0000-0000-0000-000000000000
522;522;0;;50;0;0;0.1;;7;0;35;33;0;32;14;00000000-0000-0000-0000-000000000000
523;523;0;;50;0;0;0.1;;7;0;35;33;0;33;14;00000000-0000-0000-0000-000000000000
524;524;0;;50;0;0;0.1;;7;0;35;33;0;34;14;00000000-0000-0000-0000-000000000000
525;525;0;;50;0;0;0.1;;7;0;35;33;0;0;15;00000000-0000-0000-0000-000000000000
526;526;0;;50;0;0;0.1;;7;0;35;33;0;1;15;00000000-0000-0000-0000-000000000000
527;527;0;;50;0;0;0.1;;7;0;35;33;0;2;15;00000000-0000-0000-0000-000000000000
528;528;0;;50;0;0;0.1;;7;0;35;33;0;3;15;00000000-0000-0000-0000-000000000000
529;529;0;;50;0;0;0.1;;7;0;35;33;0;4;15;00000000-0000-0000-0000-000000000000
530;530;0;;50;0;0;0.1;;7;0;35;33;0;5;15;00000000-0000-0000-0000-000000000000
531;531;0;;50;0;0;0.1;;7;0;35;33;0;6;15;00000000-0000-0000-0000-000000000000
532;532;0;;50;0;0;0.1;;7;0;35;33;0;7;15;00000000-0000-0000-0000-000000000000
533;533;0;;50;0;0;0.1;;7;0;35;33;0;8;15;00000000-0000-0000-0000-000000000000
534;534;0;;50;0;0;0.1;;7;0;35;33;0;9;15;00000000-0000-0000-0000-000000000000
535;535;0;;50;0;0;0.1;;7;0;35;33;0;10;15;00000000-0000-0000-0000-000000000000
536;536;0;;50;0;0;0.1;;7;0;35;33;0;11;15;00000000-0000-0000-0000-000000000000
537;537;0;;50;0;0;0.1;;7;0;35;33;0;12;15;00000000-0000-0000-0000-000000000000
538;538;0;;50;0;0;0.1;;7;0;35;33;0;13;15;00000000-0000-0000-0000-000000000000
539;539;0;;50;0;0;0.1;;7;0;35;33;0;14;15;00000000-0000-0000-0000-000000000000
540;540;0;;50;0;0;0.1;;7;0;35;33;0;15;15;00000000-0000-0000-0000-000000000000
541;541;0;;50;0;0;0.1;;7;0;35;33;0;16;15;00000000-0000-0000-0000-000000000000
542;542;0;;50;0;0;0.1;;7;0;35;33;0;17;15;00000000-0000-0000-0000-000000000000
543;543;0;;50;0;0;0.1;;7;0;35;33;0;18;15;00000000-0000-0000-0000-000000000000
544;544;0;;50;0;0;0.1;;7;0;35;33;0;19;15;00000000-0000-0000-0000-000000000000
545;545;0;;50;0;0;0.1;;7;0;35;33;0;20;15;00000000-0000-0000-0000-000000000000
546;546;0;;50;0;0;0.1;;7;0;35;33;0;21;15;00000000-0000-0000-0000-000000000000
547;547;0;;50;0;0;0.1;;7;0;35;33;0;22;15;00000000-0000-0000-0000-000000000000
548;548;0;;50;0;0;0.1;;7;0;35;33;0;23;15;00000000-0000-0000-0000-000000000000
549;549;0;;50;0;0;0.1;;7;0;35;33;0;24;15;00000000-0000-0000-0000-000000000000
550;550;0;;50;0;0;0.1;;7;0;35;33;0;25;15;00000000-0000-0000-0000-000000000000
551;551;0;;50;0;0;0.1;;7;0;35;33;0;26;15;00000000-0000-0000-0000-000000000000
552;552;0;;50;0;0;0.1;;7;0;35;33;0;27;15;00000000-0000-0000-0000-000000000000
553;553;0;;50;0;0;0.1;;7;0;35;33;0;28;15;00000000-0000-0000-0000-000000000000
554;554;0;;50;0;0;0.1;;7;0;35;33;0;29;15;00000000-0000-0000-0000-000000000000
555;555;0;;50;0;0;0.1;;7;0;35;33;0;30;15;00000000-0000-0000-0000-000000000000
556;556;0;;50;0;0;0.1;;7;0;35;33;0;31;15;00000000-0000-0000-0000-000000000000
557;557;0;;50;0;0;0.1;;7;0;35;33;0;32;15;00000000-0000-0000-0000-000000000000
558;558;0;;50;0;0;0.1;;7;0;35;33;0;33;15;00000000-0000-0000-0000-000000000000
559;559;0;;50;0;0;0.1;;7;0;35;33;0;34;15;00000000-0000-0000-0000-000000000000
560;560;0;;50;0;0;0.1;;7;0;35;33;0;0;16;00000000-0000-0000-0000-000000000000
561;561;0;;50;0;0;0.1;;7;0;35;33;0;1;16;00000000-0000-0000-0000-000000000000
562;562;0;;50;0;0;0.1;;7;0;35;33;0;2;16;00000000-0000-0000-0000-000000000000
563;563;0;;50;0;0;0.1;;7;0;35;33;0;3;16;00000000-0000-0000-0000-000000000000
564;564;0;;50;0;0;0.1;;7;0;35;33;0;4;16;00000000-0000-0000-0000-000000000000
565;565;0;;50;0;0;0.1;;7;0;35;33;0;5;16;00000000-0000-0000-0000-000000000000
566;566;0;;50;0;0;0.1;;7;0;35;33;0;6;16;00000000-0000-0000-0000-000000000000
567;567;0;;50;0;0;0.1;;7;0;35;33;0;7;16;00000000-0000-0000-0000-000000000000
568;568;0;;50;0;0;0.1;;7;0;35;33;0;8;16;00000000-0000-0000-0000-000000000000
569;569;0;;50;0;0;0.1;;7;0;35;33;0;9;16;00000000-0000-0000-0000-000000000000
570;570;0;;50;0;0;0.1;;7;0;35;33;0;10;16;00000000-0000-0000-0000-000000000000
571;571;0;;50;0;0;0.1;;7;0;35;33;0;11;16;00000000-0000-0000-0000-000000000000
572;572;0;;50;0;0;0.1;;7;0;35;33;0;12;16;00000000-0000-0000-0000-000000000000
573;573;0;;50;0;0;0.1;;7;0;35;33;0;13;16;00000000-0000-0000-0000-000000000000
574;574;0;;50;0;0;0.1;;7;0;35;33;0;14;16;00000000-0000-0000-0000-000000000000
575;575;0;;50;0;0;0.1;;7;0;35;33;0;15;16;00000000-0000-0000-0000-000000000000
576;576;0;;50;0;0;0.1;;7;0;35;33;0;16;16;00000000-0000-0000-0000-000000000000
577;577;0;;50;0;0;0.1;;7;0;35;33;0;17;16;00000000-0000-0000-0000-000000000000
578;578;0;;50;0;0;0.1;;7;0;35;33;0;18;16;00000000-0000-0000-0000-000000000000
579;579;0;;50;0;0;0.1;;7;0;35;33;0;19;16;00000000-0000-0000-0000-000000000000
580;580;0;;50;0;0;0.1;;7;0;35;33;0;20;16;00000000-0000-0000-0000-000000000000
581;581;0;;50;0;0;0.1;;7;0;35;33;0;21;16;00000000-0000-0000-0000-000000000000
582;582;0;;50;0;0;0.1;;7;0;35;33;0;22;16;00000000-0000-0000-0000-000000000000
583;583;0;;50;0;0;0.1;;7;0;35;33;0;23;16;00000000-0000-0000-0000-000000000000
584;584;0;;50;0;0;0.1;;7;0;35;33;0;24;16;00000000-0000-0000-0000-000000000000
585;585;0;;50;0;0;0.1;;7;0;35;33;0;25;16;00000000-0000-0000-0000-000000000000
586;586;0;;50;0;0;0.1;;7;0;35;33;0;26;16;00000000-0000-0000-0000-000000000000
587;587;0;;50;0;0;0.1;;7;0;35;33;0;27;16;00000000-0000-0000-0000-000000000000
588;588;0;;50;0;0;0.1;;7;0;35;33;0;28;16;00000000-0000-0000-0000-000000000000
589;589;0;;50;0;0;0.1;;7;0;35;33;0;29;16;00000000-0000-0000-0000-000000000000
590;590;0;;50;0;0;0.1;;7;0;35;33;0;30;16;00000000-0000-0000-0000-000000000000
591;591;0;;50;0;0;0.1;;7;0;35;33;0;31;16;00000000-0000-0000-0000-000000000000
592;592;0;;50;0;0;0.1;;7;0;35;33;0;32;16;00000000-0000-0000-0000-000000000000
593;593;0;;50;0;0;0.1;;7;0;35;33;0;33;16;00000000-0000-0000-0000-000000000000
594;594;0;;50;0;0;0.1;;7;0;35;33;0;34;16;00000000-0000-0000-0000-000000000000
595;595;0;;50;0;0;0.1;;7;0;35;33;0;0;17;00000000-0000-0000-0000-000000000000
596;596;0;;50;0;0;0.1;;7;0;35;33;0;1;17;00000000-0000-0000-0000-000000000000
597;597;0;;50;0;0;0.1;;7;0;35;33;0;2;17;00000000-0000-0000-0000-000000000000
598;598;0;;50;0;0;0.1;;7;0;35;33;0;3;17;00000000-0000-0000-0000-000000000000
599;599;0;;50;0;0;0.1;;7;0;35;33;0;4;17;00000000-0000-0000-0000-000000000000
600;600;0;;50;0;0;0.1;;7;0;35;33;0;5;17;00000000-0000-0000-0000-000000000000
601;601;0;;50;0;0;0.1;;7;0;35;33;0;6;17;00000000-0000-0000-0000-000000000000
602;602;0;;50;0;0;0.1;;7;0;35;33;0;7;17;00000000-0000-0000-0000-000000000000
603;603;0;;50;0;0;0.1;;7;0;35;33;0;8;17;00000000-0000-0000-0000-000000000000
604;604;0;;50;0;0;0.1;;7;0;35;33;0;9;17;00000000-0000-0000-0000-000000000000
605;605;0;;50;0;0;0.1;;7;0;35;33;0;10;17;00000000-0000-0000-0000-000000000000
606;606;0;;50;0;0;0.1;;7;0;35;33;0;11;17;00000000-0000-0000-0000-000000000000
607;607;0;;50;0;0;0.1;;7;0;35;33;0;12;17;00000000-0000-0000-0000-000000000000
608;608;0;;50;0;0;0.1;;7;0;35;33;0;13;17;00000000-0000-0000-0000-000000000000
609;609;0;;50;0;0;0.1;;7;0;35;33;0;14;17;00000000-0000-0000-0000-000000000000
610;610;0;;50;0;0;0.1;;7;0;35;33;0;15;17;00000000-0000-0000-0000-000000000000
611;611;0;;50;0;0;0.1;;7;0;35;33;0;16;17;00000000-0000-0000-0000-000000000000
612;612;0;;50;0;0;0.1;;7;0;35;33;0;17;17;00000000-0000-0000-0000-000000000000
613;613;0;;50;0;0;0.1;;7;0;35;33;0;18;17;00000000-0000-0000-0000-000000000000
614;614;0;;50;0;0;0.1;;7;0;35;33;0;19;17;00000000-0000-0000-0000-000000000000
615;615;0;;50;0;0;0.1;;7;0;35;33;0;20;17;00000000-0000-0000-0000-000000000000
616;616;0;;50;0;0;0.1;;7;0;35;33;0;21;17;00000000-0000-0000-0000-000000000000
617;617;0;;50;0;0;0.1;;7;0;35;33;0;22;17;00000000-0000-0000-0000-000000000000
618;618;0;;50;0;0;0.1;;7;0;35;33;0;23;17;00000000-0000-0000-0000-000000000000
619;619;0;;50;0;0;0.1;;7;0;35;33;0;24;17;00000000-0000-0000-0000-000000000000
620;620;0;;50;0;0;0.1;;7;0;35;33;0;25;17;00000000-0000-0000-0000-000000000000
621;621;0;;50;0;0;0.1;;7;0;35;33;0;26;17;00000000-0000-0000-0000-000000000000
622;622;0;;50;0;0;0.1;;7;0;35;33;0;27;17;00000000-0000-0000-0000-000000000000
623;623;0;;50;0;0;0.1;;7;0;35;33;0;28;17;00000000-0000-0000-0000-000000000000
624;624;0;;50;0;0;0.1;;7;0;35;33;0;29;17;00000000-0000-0000-0000-000000000000
625;625;0;;50;0;0;0.1;;7;0;35;33;0;30;17;00000000-0000-0000-0000-000000000000
626;626;0;;50;0;0;0.1;;7;0;35;33;0;31;17;00000000-0000-0000-0000-000000000000
627;627;0;;50;0;0;0.1;;7;0;35;33;0;32;17;00000000-0000-0000-0000-000000000000
628;628;0;;50;0;0;0.1;;7;0;35;33;0;33;17;00000000-0000-0000-0000-000000000000
629;629;0;;50;0;0;0.1;;7;0;35;33;0;34;17;00000000-0000-0000-0000-000000000000
630;630;0;;50;0;0;0.1;;7;0;35;33;0;0;18;00000000-0000-0000-0000-000000000000
631;631;0;;50;0;0;0.1;;7;0;35;33;0;1;18;00000000-0000-0000-0000-000000000000
632;632;0;;50;0;0;0.1;;7;0;35;33;0;2;18;00000000-0000-0000-0000-000000000000
633;633;0;;50;0;0;0.1;;7;0;35;33;0;3;18;00000000-0000-0000-0000-000000000000
634;634;0;;50;0;0;0.1;;7;0;35;33;0;4;18;00000000-0000-0000-0000-000000000000
635;635;0;;50;0;0;0.1;;7;0;35;33;0;5;18;00000000-0000-0000-0000-000000000000
636;636;0;;50;0;0;0.1;;7;0;35;33;0;6;18;00000000-0000-0000-0000-000000000000
637;637;0;;50;0;0;0.1;;7;0;35;33;0;7;18;00000000-0000-0000-0000-000000000000
638;638;0;;50;0;0;0.1;;7;0;35;33;0;8;18;00000000-0000-0000-0000-000000000000
639;639;0;;50;0;0;0.1;;7;0;35;33;0;9;18;00000000-0000-0000-0000-000000000000
640;640;0;;50;0;0;0.1;;7;0;35;33;0;10;18;00000000-0000-0000-0000-000000000000
641;641;0;;50;0;0;0.1;;7;0;35;33;0;11;18;00000000-0000-0000-0000-000000000000
642;642;0;;50;0;0;0.1;;7;0;35;33;0;12;18;00000000-0000-0000-0000-000000000000
643;643;0;;50;0;0;0.1;;7;0;35;33;0;13;18;00000000-0000-0000-0000-000000000000
644;644;0;;50;0;0;0.1;;7;0;35;33;0;14;18;00000000-0000-0000-0000-000000000000
645;645;0;;50;0;0;0.1;;7;0;35;33;0;15;18;00000000-0000-0000-0000-000000000000
646;646;0;;50;0;0;0.1;;7;0;35;33;0;16;18;00000000-0000-0000-0000-000000000000
647;647;0;;50;0;0;0.1;;7;0;35;33;0;17;18;00000000-0000-0000-0000-000000000000
648;648;0;;50;0;0;0.1;;7;0;35;33;0;18;18;00000000-0000-0000-0000-000000000000
649;649;0;;50;0;0;0.1;;7;0;35;33;0;19;18;00000000-0000-0000-0000-000000000000
650;650;0;;50;0;0;0.1;;7;0;35;33;0;20;18;00000000-0000-0000-0000-000000000000
651;651;0;;50;0;0;0.1;;7;0;35;33;0;21;18;00000000-0000-0000-0000-000000000000
652;652;0;;50;0;0;0.1;;7;0;35;33;0;22;18;00000000-0000-0000-0000-000000000000
653;653;0;;50;0;0;0.1;;7;0;35;33;0;23;18;00000000-0000-0000-0000-000000000000
654;654;0;;50;0;0;0.1;;7;0;35;33;0;24;18;00000000-0000-0000-0000-000000000000
655;655;0;;50;0;0;0.1;;7;0;35;33;0;25;18;00000000-0000-0000-0000-000000000000
656;656;0;;50;0;0;0.1;;7;0;35;33;0;26;18;00000000-0000-0000-0000-000000000000
657;657;0;;50;0;0;0.1;;7;0;35;33;0;27;18;00000000-0000-0000-0000-000000000000
658;658;0;;50;0;0;0.1;;7;0;35;33;0;28;18;00000000-0000-0000-0000-000000000000
659;659;0;;50;0;0;0.1;;7;0;35;33;0;29;18;00000000-0000-0000-0000-000000000000
660;660;0;;50;0;0;0.1;;7;0;35;33;0;30;18;00000000-0000-0000-0000-000000000000
661;661;0;;50;0;0;0.1;;7;0;35;33;0;31;18;00000000-0000-0000-0000-000000000000
662;662;0;;50;0;0;0.1;;7;0;35;33;0;32;18;00000000-0000-0000-0000-000000000000
663;663;0;;50;0;0;0.1;;7;0;35;33;0;33;18;00000000-0000-0000-0000-000000000000
664;664;0;;50;0;0;0.1;;7;0;35;33;0;34;18;00000000-0000-0000-0000-000000000000
665;665;0;;50;0;0;0.1;;7;0;35;33;0;0;19;00000000-0000-0000-0000-000000000000
666;666;0;;50;0;0;0.1;;7;0;35;33;0;1;19;00000000-0000-0000-0000-000000000000
667;667;0;;50;0;0;0.1;;7;0;35;33;0;2;19;00000000-0000-0000-0000-000000000000
668;668;0;;50;0;0;0.1;;7;0;35;33;0;3;19;00000000-0000-0000-0000-000000000000
669;669;0;;50;0;0;0.1;;7;0;35;33;0;4;19;00000000-0000-0000-0000-000000000000
670;670;0;;50;0;0;0.1;;7;0;35;33;0;5;19;00000000-0000-0000-0000-000000000000
671;671;0;;50;0;0;0.1;;7;0;35;33;0;6;19;00000000-0000-0000-0000-000000000000
672;672;0;;50;0;0;0.1;;7;0;35;33;0;7;19;00000000-0000-0000-0000-000000000000
673;673;0;;50;0;0;0.1;;7;0;35;33;0;8;19;00000000-0000-0000-0000-000000000000
674;674;0;;50;0;0;0.1;;7;0;35;33;0;9;19;00000000-0000-0000-0000-000000000000
675;675;0;;50;0;0;0.1;;7;0;35;33;0;10;19;00000000-0000-0000-0000-000000000000
676;676;0;;50;0;0;0.1;;7;0;35;33;0;11;19;00000000-0000-0000-0000-000000000000
677;677;0;;50;0;0;0.1;;7;0;35;33;0;12;19;00000000-0000-0000-0000-000000000000
678;678;0;;50;0;0;0.1;;7;0;35;33;0;13;19;00000000-0000-0000-0000-000000000000
679;679;0;;50;0;0;0.1;;7;0;35;33;0;14;19;00000000-0000-0000-0000-000000000000
680;680;0;;50;0;0;0.1;;7;0;35;33;0;15;19;00000000-0000-0000-0000-000000000000
681;681;0;;50;0;0;0.1;;7;0;35;33;0;16;19;00000000-0000-0000-0000-000000000000
682;682;0;;50;0;0;0.1;;7;0;35;33;0;17;19;00000000-0000-0000-0000-000000000000
683;683;0;;50;0;0;0.1;;7;0;35;33;0;18;19;00000000-0000-0000-0000-000000000000
684;684;0;;50;0;0;0.1;;7;0;35;33;0;19;19;00000000-0000-0000-0000-000000000000
685;685;0;;50;0;0;0.1;;7;0;35;33;0;20;19;00000000-0000-0000-0000-000000000000
686;686;0;;50;0;0;0.1;;7;0;35;33;0;21;19;00000000-0000-0000-0000-000000000000
687;687;0;;50;0;0;0.1;;7;0;35;33;0;22;19;00000000-0000-0000-0000-000000000000
688;688;0;;50;0;0;0.1;;7;0;35;33;0;23;19;00000000-0000-0000-0000-000000000000
689;689;0;;50;0;0;0.1;;7;0;35;33;0;24;19;00000000-0000-0000-0000-000000000000
690;690;0;;50;0;0;0.1;;7;0;35;33;0;25;19;00000000-0000-0000-0000-000000000000
691;691;0;;50;0;0;0.1;;7;0;35;33;0;26;19;00000000-0000-0000-0000-000000000000
692;692;0;;50;0;0;0.1;;7;0;35;33;0;27;19;00000000-0000-0000-0000-000000000000
693;693;0;;50;0;0;0.1;;7;0;35;33;0;28;19;00000000-0000-0000-0000-000000000000
694;694;0;;50;0;0;0.1;;7;0;35;33;0;29;19;00000000-0000-0000-0000-000000000000
695;695;0;;50;0;0;0.1;;7;0;35;33;0;30;19;00000000-0000-0000-0000-000000000000
696;696;0;;50;0;0;0.1;;7;0;35;33;0;31;19;00000000-0000-0000-0000-000000000000
697;697;0;;50;0;0;0.1;;7;0;35;33;0;32;19;00000000-0000-0000-0000-000000000000
698;698;0;;50;0;0;0.1;;7;0;35;33;0;33;19;00000000-0000-0000-0000-000000000000
699;699;0;;50;0;0;0.1;;7;0;35;33;0;34;19;00000000-0000-0000-0000-000000000000
700;700;0;;50;0;0;0.1;;7;0;35;33;0;0;20;00000000-0000-0000-0000-000000000000
701;701;0;;50;0;0;0.1;;7;0;35;33;0;1;20;00000000-0000-0000-0000-000000000000
702;702;0;;50;0;0;0.1;;7;0;35;33;0;2;20;00000000-0000-0000-0000-000000000000
703;703;0;;50;0;0;0.1;;7;0;35;33;0;3;20;00000000-0000-0000-0000-000000000000
704;704;0;;50;0;0;0.1;;7;0;35;33;0;4;20;00000000-0000-0000-0000-000000000000
705;705;0;;50;0;0;0.1;;7;0;35;33;0;5;20;00000000-0000-0000-0000-000000000000
706;706;0;;50;0;0;0.1;;7;0;35;33;0;6;20;00000000-0000-0000-0000-000000000000
707;707;0;;50;0;0;0.1;;7;0;35;33;0;7;20;00000000-0000-0000-0000-000000000000
708;708;0;;50;0;0;0.1;;7;0;35;33;0;8;20;00000000-0000-0000-0000-000000000000
709;709;0;;50;0;0;0.1;;7;0;35;33;0;9;20;00000000-0000-0000-0000-000000000000
710;710;0;;50;0;0;0.1;;7;0;35;33;0;10;20;00000000-0000-0000-0000-000000000000
711;711;0;;50;0;0;0.1;;7;0;35;33;0;11;20;00000000-0000-0000-0000-000000000000
712;712;0;;50;0;0;0.1;;7;0;35;33;0;12;20;00000000-0000-0000-0000-000000000000
713;713;0;;50;0;0;0.1;;7;0;35;33;0;13;20;00000000-0000-0000-0000-000000000000
714;714;0;;50;0;0;0.1;;7;0;35;33;0;14;20;00000000-0000-0000-0000-000000000000
715;715;0;;50;0;0;0.1;;7;0;35;33;0;15;20;00000000-0000-0000-0000-000000000000
716;716;0;;50;0;0;0.1;;7;0;35;33;0;16;20;00000000-0000-0000-0000-000000000000
717;717;0;;50;0;0;0.1;;7;0;35;33;0;17;20;00000000-0000-0000-0000-000000000000
718;718;0;;50;0;0;0.1;;7;0;35;33;0;18;20;00000000-0000-0000-0000-000000000000
719;719;0;;50;0;0;0.1;;7;0;35;33;0;19;20;00000000-0000-0000-0000-000000000000
720;720;0;;50;0;0;0.1;;7;0;35;33;0;20;20;00000000-0000-0000-0000-000000000000
721;721;0;;50;0;0;0.1;;7;0;35;33;0;21;20;00000000-0000-0000-0000-000000000000
722;722;0;;50;0;0;0.1;;7;0;35;33;0;22;20;00000000-0000-0000-0000-000000000000
723;723;0;;50;0;0;0.1;;7;0;35;33;0;23;20;00000000-0000-0000-0000-000000000000
724;724;0;;50;0;0;0.1;;7;0;35;33;0;24;20;00000000-0000-0000-0000-000000000000
725;725;0;;50;0;0;0.1;;7;0;35;33;0;25;20;00000000-0000-0000-0000-000000000000
726;726;0;;50;0;0;0.1;;7;0;35;33;0;26;20;00000000-0000-0000-0000-000000000000
727;727;0;;50;0;0;0.1;;7;0;35;33;0;27;20;00000000-0000-0000-0000-000000000000
728;728;0;;50;0;0;0.1;;7;0;35;33;0;28;20;00000000-0000-0000-0000-000000000000
729;729;0;;50;0;0;0.1;;7;0;35;33;0;29;20;00000000-0000-0000-0000-000000000000
730;730;0;;50;0;0;0.1;;7;0;35;33;0;30;20;00000000-0000-0000-0000-000000000000
731;731;0;;50;0;0;0.1;;7;0;35;33;0;31;20;00000000-0000-0000-0000-000000000000
732;732;0;;50;0;0;0.1;;7;0;35;33;0;32;20;00000000-0000-0000-0000-000000000000
733;733;0;;50;0;0;0.1;;7;0;35;33;0;33;20;00000000-0000-0000-0000-000000000000
734;734;0;;50;0;0;0.1;;7;0;35;33;0;34;20;00000000-0000-0000-0000-000000000000
735;735;0;;50;0;0;0.1;;7;0;35;33;0;0;21;00000000-0000-0000-0000-000000000000
736;736;0;;50;0;0;0.1;;7;0;35;33;0;1;21;00000000-0000-0000-0000-000000000000
737;737;0;;50;0;0;0.1;;7;0;35;33;0;2;21;00000000-0000-0000-0000-000000000000
738;738;0;;50;0;0;0.1;;7;0;35;33;0;3;21;00000000-0000-0000-0000-000000000000
739;739;0;;50;0;0;0.1;;7;0;35;33;0;4;21;00000000-0000-0000-0000-000000000000
740;740;0;;50;0;0;0.1;;7;0;35;33;0;5;21;00000000-0000-0000-0000-000000000000
741;741;0;;50;0;0;0.1;;7;0;35;33;0;6;21;00000000-0000-0000-0000-000000000000
742;742;0;;50;0;0;0.1;;7;0;35;33;0;7;21;00000000-0000-0000-0000-000000000000
743;743;0;;50;0;0;0.1;;7;0;35;33;0;8;21;00000000-0000-0000-0000-000000000000
744;744;0;;50;0;0;0.1;;7;0;35;33;0;9;21;00000000-0000-0000-0000-000000000000
745;745;0;;50;0;0;0.1;;7;0;35;33;0;10;21;00000000-0000-0000-0000-000000000000
746;746;0;;50;0;0;0.1;;7;0;35;33;0;11;21;00000000-0000-0000-0000-000000000000
747;747;0;;50;0;0;0.1;;7;0;35;33;0;12;21;00000000-0000-0000-0000-000000000000
748;748;0;;50;0;0;0.1;;7;0;35;33;0;13;21;00000000-0000-0000-0000-000000000000
749;749;0;;50;0;0;0.1;;7;0;35;33;0;14;21;00000000-0000-0000-0000-000000000000
750;750;0;;50;0;0;0.1;;7;0;35;33;0;15;21;00000000-0000-0000-0000-000000000000
751;751;0;;50;0;0;0.1;;7;0;35;33;0;16;21;00000000-0000-0000-0000-000000000000
752;752;0;;50;0;0;0.1;;7;0;35;33;0;17;21;00000000-0000-0000-0000-000000000000
753;753;0;;50;0;0;0.1;;7;0;35;33;0;18;21;00000000-0000-0000-0000-000000000000
754;754;0;;50;0;0;0.1;;7;0;35;33;0;19;21;00000000-0000-0000-0000-000000000000
755;755;0;;50;0;0;0.1;;7;0;35;33;0;20;21;00000000-0000-0000-0000-000000000000
756;756;0;;50;0;0;0.1;;7;0;35;33;0;21;21;00000000-0000-0000-0000-000000000000
757;757;0;;50;0;0;0.1;;7;0;35;33;0;22;21;00000000-0000-0000-0000-000000000000
758;758;0;;50;0;0;0.1;;7;0;35;33;0;23;21;00000000-0000-0000-0000-000000000000
759;759;0;;50;0;0;0.1;;7;0;35;33;0;24;21;00000000-0000-0000-0000-000000000000
760;760;0;;50;0;0;0.1;;7;0;35;33;0;25;21;00000000-0000-0000-0000-000000000000
761;761;0;;50;0;0;0.1;;7;0;35;33;0;26;21;00000000-0000-0000-0000-000000000000
762;762;0;;50;0;0;0.1;;7;0;35;33;0;27;21;00000000-0000-0000-0000-000000000000
763;763;0;;50;0;0;0.1;;7;0;35;33;0;28;21;00000000-0000-0000-0000-000000000000
764;764;0;;50;0;0;0.1;;7;0;35;33;0;29;21;00000000-0000-0000-0000-000000000000
765;765;0;;50;0;0;0.1;;7;0;35;33;0;30;21;00000000-0000-0000-0000-000000000000
766;766;0;;50;0;0;0.1;;7;0;35;33;0;31;21;00000000-0000-0000-0000-000000000000
767;767;0;;50;0;0;0.1;;7;0;35;33;0;32;21;00000000-0000-0000-0000-000000000000
768;768;0;;50;0;0;0.1;;7;0;35;33;0;33;21;00000000-0000-0000-0000-000000000000
769;769;0;;50;0;0;0.1;;7;0;35;33;0;34;21;00000000-0000-0000-0000-000000000000
770;770;0;;50;0;0;0.1;;7;0;35;33;0;0;22;00000000-0000-0000-0000-000000000000
771;771;0;;50;0;0;0.1;;7;0;35;33;0;1;22;00000000-0000-0000-0000-000000000000
772;772;0;;50;0;0;0.1;;7;0;35;33;0;2;22;00000000-0000-0000-0000-000000000000
773;773;0;;50;0;0;0.1;;7;0;35;33;0;3;22;00000000-0000-0000-0000-000000000000
774;774;0;;50;0;0;0.1;;7;0;35;33;0;4;22;00000000-0000-0000-0000-000000000000
775;775;0;;50;0;0;0.1;;7;0;35;33;0;5;22;00000000-0000-0000-0000-000000000000
776;776;0;;50;0;0;0.1;;7;0;35;33;0;6;22;00000000-0000-0000-0000-000000000000
777;777;0;;50;0;0;0.1;;7;0;35;33;0;7;22;00000000-0000-0000-0000-000000000000
778;778;0;;50;0;0;0.1;;7;0;35;33;0;8;22;00000000-0000-0000-0000-000000000000
779;779;0;;50;0;0;0.1;;7;0;35;33;0;9;22;00000000-0000-0000-0000-000000000000
780;780;0;;50;0;0;0.1;;7;0;35;33;0;10;22;00000000-0000-0000-0000-000000000000
781;781;0;;50;0;0;0.1;;7;0;35;33;0;11;22;00000000-0000-0000-0000-000000000000
782;782;0;;50;0;0;0.1;;7;0;35;33;0;12;22;00000000-0000-0000-0000-000000000000
783;783;0;;50;0;0;0.1;;7;0;35;33;0;13;22;00000000-0000-0000-0000-000000000000
784;784;0;;50;0;0;0.1;;7;0;35;33;0;14;22;00000000-0000-0000-0000-000000000000
785;785;0;;50;0;0;0.1;;7;0;35;33;0;15;22;00000000-0000-0000-0000-000000000000
786;786;0;;50;0;0;0.1;;7;0;35;33;0;16;22;00000000-0000-0000-0000-000000000000
787;787;0;;50;0;0;0.1;;7;0;35;33;0;17;22;00000000-0000-0000-0000-000000000000
788;788;0;;50;0;0;0.1;;7;0;35;33;0;18;22;00000000-0000-0000-0000-000000000000
789;789;0;;50;0;0;0.1;;7;0;35;33;0;19;22;00000000-0000-0000-0000-000000000000
790;790;0;;50;0;0;0.1;;7;0;35;33;0;20;22;00000000-0000-0000-0000-000000000000
791;791;0;;50;0;0;0.1;;7;0;35;33;0;21;22;00000000-0000-0000-0000-000000000000
792;792;0;;50;0;0;0.1;;7;0;35;33;0;22;22;00000000-0000-0000-0000-000000000000
793;793;0;;50;0;0;0.1;;7;0;35;33;0;23;22;00000000-0000-0000-0000-000000000000
794;794;0;;50;0;0;0.1;;7;0;35;33;0;24;22;00000000-0000-0000-0000-000000000000
795;795;0;;50;0;0;0.1;;7;0;35;33;0;25;22;00000000-0000-0000-0000-000000000000
796;796;0;;50;0;0;0.1;;7;0;35;33;0;26;22;00000000-0000-0000-0000-000000000000
797;797;0;;50;0;0;0.1;;7;0;35;33;0;27;22;00000000-0000-0000-0000-000000000000
798;798;0;;50;0;0;0.1;;7;0;35;33;0;28;22;00000000-0000-0000-0000-000000000000
799;799;0;;50;0;0;0.1;;7;0;35;33;0;29;22;00000000-0000-0000-0000-000000000000
800;800;0;;50;0;0;0.1;;7;0;35;33;0;30;22;00000000-0000-0000-0000-000000000000
801;801;0;;50;0;0;0.1;;7;0;35;33;0;31;22;00000000-0000-0000-0000-000000000000
802;802;0;;50;0;0;0.1;;7;0;35;33;0;32;22;00000000-0000-0000-0000-000000000000
803;803;0;;50;0;0;0.1;;7;0;35;33;0;33;22;00000000-0000-0000-0000-000000000000
804;804;0;;50;0;0;0.1;;7;0;35;33;0;34;22;00000000-0000-0000-0000-000000000000
805;805;0;;50;0;0;0.1;;7;0;35;33;0;0;23;00000000-0000-0000-0000-000000000000
806;806;0;;50;0;0;0.1;;7;0;35;33;0;1;23;00000000-0000-0000-0000-000000000000
807;807;0;;50;0;0;0.1;;7;0;35;33;0;2;23;00000000-0000-0000-0000-000000000000
808;808;0;;50;0;0;0.1;;7;0;35;33;0;3;23;00000000-0000-0000-0000-000000000000
809;809;0;;50;0;0;0.1;;7;0;35;33;0;4;23;00000000-0000-0000-0000-000000000000
810;810;0;;50;0;0;0.1;;7;0;35;33;0;5;23;00000000-0000-0000-0000-000000000000
811;811;0;;50;0;0;0.1;;7;0;35;33;0;6;23;00000000-0000-0000-0000-000000000000
812;812;0;;50;0;0;0.1;;7;0;35;33;0;7;23;00000000-0000-0000-0000-000000000000
813;813;0;;50;0;0;0.1;;7;0;35;33;0;8;23;00000000-0000-0000-0000-000000000000
814;814;0;;50;0;0;0.1;;7;0;35;33;0;9;23;00000000-0000-0000-0000-000000000000
815;815;0;;50;0;0;0.1;;7;0;35;33;0;10;23;00000000-0000-0000-0000-000000000000
816;816;0;;50;0;0;0.1;;7;0;35;33;0;11;23;00000000-0000-0000-0000-000000000000
817;817;0;;50;0;0;0.1;;7;0;35;33;0;12;23;00000000-0000-0000-0000-000000000000
818;818;0;;50;0;0;0.1;;7;0;35;33;0;13;23;00000000-0000-0000-0000-000000000000
819;819;0;;50;0;0;0.1;;7;0;35;33;0;14;23;00000000-0000-0000-0000-000000000000
820;820;0;;50;0;0;0.1;;7;0;35;33;0;15;23;00000000-0000-0000-0000-000000000000
821;821;0;;50;0;0;0.1;;7;0;35;33;0;16;23;00000000-0000-0000-0000-000000000000
822;822;0;;50;0;0;0.1;;7;0;35;33;0;17;23;00000000-0000-0000-0000-000000000000
823;823;0;;50;0;0;0.1;;7;0;35;33;0;18;23;00000000-0000-0000-0000-000000000000
824;824;0;;50;0;0;0.1;;7;0;35;33;0;19;23;00000000-0000-0000-0000-000000000000
825;825;0;;50;0;0;0.1;;7;0;35;33;0;20;23;00000000-0000-0000-0000-000000000000
826;826;0;;50;0;0;0.1;;7;0;35;33;0;21;23;00000000-0000-0000-0000-000000000000
827;827;0;;50;0;0;0.1;;7;0;35;33;0;22;23;00000000-0000-0000-0000-000000000000
828;828;0;;50;0;0;0.1;;7;0;35;33;0;23;23;00000000-0000-0000-0000-000000000000
829;829;0;;50;0;0;0.1;;7;0;35;33;0;24;23;00000000-0000-0000-0000-000000000000
830;830;0;;50;0;0;0.1;;7;0;35;33;0;25;23;00000000-0000-0000-0000-000000000000
831;831;0;;50;0;0;0.1;;7;0;35;33;0;26;23;00000000-0000-0000-0000-000000000000
832;832;0;;50;0;0;0.1;;7;0;35;33;0;27;23;00000000-0000-0000-0000-000000000000
833;833;0;;50;0;0;0.1;;7;0;35;33;0;28;23;00000000-0000-0000-0000-000000000000
834;834;0;;50;0;0;0.1;;7;0;35;33;0;29;23;00000000-0000-0000-0000-000000000000
835;835;0;;50;0;0;0.1;;7;0;35;33;0;30;23;00000000-0000-0000-0000-000000000000
836;836;0;;50;0;0;0.1;;7;0;35;33;0;31;23;00000000-0000-0000-0000-000000000000
837;837;0;;50;0;0;0.1;;7;0;35;33;0;32;23;00000000-0000-0000-0000-000000000000
838;838;0;;50;0;0;0.1;;7;0;35;33;0;33;23;00000000-0000-0000-0000-000000000000
839;839;0;;50;0;0;0.1;;7;0;35;33;0;34;23;00000000-0000-0000-0000-000000000000
840;840;0;;50;0;0;0.1;;7;0;35;33;0;0;24;00000000-0000-0000-0000-000000000000
841;841;0;;50;0;0;0.1;;7;0;35;33;0;1;24;00000000-0000-0000-0000-000000000000
842;842;0;;50;0;0;0.1;;7;0;35;33;0;2;24;00000000-0000-0000-0000-000000000000
843;843;0;;50;0;0;0.1;;7;0;35;33;0;3;24;00000000-0000-0000-0000-000000000000
844;844;0;;50;0;0;0.1;;7;0;35;33;0;4;24;00000000-0000-0000-0000-000000000000
845;845;0;;50;0;0;0.1;;7;0;35;33;0;5;24;00000000-0000-0000-0000-000000000000
846;846;0;;50;0;0;0.1;;7;0;35;33;0;6;24;00000000-0000-0000-0000-000000000000
847;847;0;;50;0;0;0.1;;7;0;35;33;0;7;24;00000000-0000-0000-0000-000000000000
848;848;0;;50;0;0;0.1;;7;0;35;33;0;8;24;00000000-0000-0000-0000-000000000000
849;849;0;;50;0;0;0.1;;7;0;35;33;0;9;24;00000000-0000-0000-0000-000000000000
850;850;0;;50;0;0;0.1;;7;0;35;33;0;10;24;00000000-0000-0000-0000-000000000000
851;851;0;;50;0;0;0.1;;7;0;35;33;0;11;24;00000000-0000-0000-0000-000000000000
852;852;0;;50;0;0;0.1;;7;0;35;33;0;12;24;00000000-0000-0000-0000-000000000000
853;853;0;;50;0;0;0.1;;7;0;35;33;0;13;24;00000000-0000-0000-0000-000000000000
854;854;0;;50;0;0;0.1;;7;0;35;33;0;14;24;00000000-0000-0000-0000-000000000000
855;855;0;;50;0;0;0.1;;7;0;35;33;0;15;24;00000000-0000-0000-0000-000000000000
856;856;0;;50;0;0;0.1;;7;0;35;33;0;16;24;00000000-0000-0000-0000-000000000000
857;857;0;;50;0;0;0.1;;7;0;35;33;0;17;24;00000000-0000-0000-0000-000000000000
858;858;0;;50;0;0;0.1;;7;0;35;33;0;18;24;00000000-0000-0000-0000-000000000000
859;859;0;;50;0;0;0.1;;7;0;35;33;0;19;24;00000000-0000-0000-0000-000000000000
860;860;0;;50;0;0;0.1;;7;0;35;33;0;20;24;00000000-0000-0000-0000-000000000000
861;861;0;;50;0;0;0.1;;7;0;35;33;0;21;24;00000000-0000-0000-0000-000000000000
862;862;0;;50;0;0;0.1;;7;0;35;33;0;22;24;00000000-0000-0000-0000-000000000000
863;863;0;;50;0;0;0.1;;7;0;35;33;0;23;24;00000000-0000-0000-0000-000000000000
864;864;0;;50;0;0;0.1;;7;0;35;33;0;24;24;00000000-0000-0000-0000-000000000000
865;865;0;;50;0;0;0.1;;7;0;35;33;0;25;24;00000000-0000-0000-0000-000000000000
866;866;0;;50;0;0;0.1;;7;0;35;33;0;26;24;00000000-0000-0000-0000-000000000000
867;867;0;;50;0;0;0.1;;7;0;35;33;0;27;24;00000000-0000-0000-0000-000000000000
868;868;0;;50;0;0;0.1;;7;0;35;33;0;28;24;00000000-0000-0000-0000-000000000000
869;869;0;;50;0;0;0.1;;7;0;35;33;0;29;24;00000000-0000-0000-0000-000000000000
870;870;0;;50;0;0;0.1;;7;0;35;33;0;30;24;00000000-0000-0000-0000-000000000000
871;871;0;;50;0;0;0.1;;7;0;35;33;0;31;24;00000000-0000-0000-0000-000000000000
872;872;0;;50;0;0;0.1;;7;0;35;33;0;32;24;00000000-0000-0000-0000-000000000000
873;873;0;;50;0;0;0.1;;7;0;35;33;0;33;24;00000000-0000-0000-0000-000000000000
874;874;0;;50;0;0;0.1;;7;0;35;33;0;34;24;00000000-0000-0000-0000-000000000000
875;875;0;;50;0;0;0.1;;7;0;35;33;0;0;25;00000000-0000-0000-0000-000000000000
876;876;0;;50;0;0;0.1;;7;0;35;33;0;1;25;00000000-0000-0000-0000-000000000000
877;877;0;;50;0;0;0.1;;7;0;35;33;0;2;25;00000000-0000-0000-0000-000000000000
878;878;0;;50;0;0;0.1;;7;0;35;33;0;3;25;00000000-0000-0000-0000-000000000000
879;879;0;;50;0;0;0.1;;7;0;35;33;0;4;25;00000000-0000-0000-0000-000000000000
880;880;0;;50;0;0;0.1;;7;0;35;33;0;5;25;00000000-0000-0000-0000-000000000000
881;881;0;;50;0;0;0.1;;7;0;35;33;0;6;25;00000000-0000-0000-0000-000000000000
882;882;0;;50;0;0;0.1;;7;0;35;33;0;7;25;00000000-0000-0000-0000-000000000000
883;883;0;;50;0;0;0.1;;7;0;35;33;0;8;25;00000000-0000-0000-0000-000000000000
884;884;0;;50;0;0;0.1;;7;0;35;33;0;9;25;00000000-0000-0000-0000-000000000000
885;885;0;;50;0;0;0.1;;7;0;35;33;0;10;25;00000000-0000-0000-0000-000000000000
886;886;0;;50;0;0;0.1;;7;0;35;33;0;11;25;00000000-0000-0000-0000-000000000000
887;887;0;;50;0;0;0.1;;7;0;35;33;0;12;25;00000000-0000-0000-0000-000000000000
888;888;0;;50;0;0;0.1;;7;0;35;33;0;13;25;00000000-0000-0000-0000-000000000000
889;889;0;;50;0;0;0.1;;7;0;35;33;0;14;25;00000000-0000-0000-0000-000000000000
890;890;0;;50;0;0;0.1;;7;0;35;33;0;15;25;00000000-0000-0000-0000-000000000000
891;891;0;;50;0;0;0.1;;7;0;35;33;0;16;25;00000000-0000-0000-0000-000000000000
892;892;0;;50;0;0;0.1;;7;0;35;33;0;17;25;00000000-0000-0000-0000-000000000000
893;893;0;;50;0;0;0.1;;7;0;35;33;0;18;25;00000000-0000-0000-0000-000000000000
894;894;0;;50;0;0;0.1;;7;0;35;33;0;19;25;00000000-0000-0000-0000-000000000000
895;895;0;;50;0;0;0.1;;7;0;35;33;0;20;25;00000000-0000-0000-0000-000000000000
896;896;0;;50;0;0;0.1;;7;0;35;33;0;21;25;00000000-0000-0000-0000-000000000000
897;897;0;;50;0;0;0.1;;7;0;35;33;0;22;25;00000000-0000-0000-0000-000000000000
898;898;0;;50;0;0;0.1;;7;0;35;33;0;23;25;00000000-0000-0000-0000-000000000000
899;899;0;;50;0;0;0.1;;7;0;35;33;0;24;25;00000000-0000-0000-0000-000000000000
900;900;0;;50;0;0;0.1;;7;0;35;33;0;25;25;00000000-0000-0000-0000-000000000000
901;901;0;;50;0;0;0.1;;7;0;35;33;0;26;25;00000000-0000-0000-0000-000000000000
902;902;0;;50;0;0;0.1;;7;0;35;33;0;27;25;00000000-0000-0000-0000-000000000000
903;903;0;;50;0;0;0.1;;7;0;35;33;0;28;25;00000000-0000-0000-0000-000000000000
904;904;0;;50;0;0;0.1;;7;0;35;33;0;29;25;00000000-0000-0000-0000-000000000000
905;905;0;;50;0;0;0.1;;7;0;35;33;0;30;25;00000000-0000-0000-0000-000000000000
906;906;0;;50;0;0;0.1;;7;0;35;33;0;31;25;00000000-0000-0000-0000-000000000000
907;907;0;;50;0;0;0.1;;7;0;35;33;0;32;25;00000000-0000-0000-0000-000000000000
908;908;0;;50;0;0;0.1;;7;0;35;33;0;33;25;00000000-0000-0000-0000-000000000000
909;909;0;;50;0;0;0.1;;7;0;35;33;0;34;25;00000000-0000-0000-0000-000000000000
910;910;0;;50;0;0;0.1;;7;0;35;33;0;0;26;00000000-0000-0000-0000-000000000000
911;911;0;;50;0;0;0.1;;7;0;35;33;0;1;26;00000000-0000-0000-0000-000000000000
912;912;0;;50;0;0;0.1;;7;0;35;33;0;2;26;00000000-0000-0000-0000-000000000000
913;913;0;;50;0;0;0.1;;7;0;35;33;0;3;26;00000000-0000-0000-0000-000000000000
914;914;0;;50;0;0;0.1;;7;0;35;33;0;4;26;00000000-0000-0000-0000-000000000000
915;915;0;;50;0;0;0.1;;7;0;35;33;0;5;26;00000000-0000-0000-0000-000000000000
916;916;0;;50;0;0;0.1;;7;0;35;33;0;6;26;00000000-0000-0000-0000-000000000000
917;917;0;;50;0;0;0.1;;7;0;35;33;0;7;26;00000000-0000-0000-0000-000000000000
918;918;0;;50;0;0;0.1;;7;0;35;33;0;8;26;00000000-0000-0000-0000-000000000000
919;919;0;;50;0;0;0.1;;7;0;35;33;0;9;26;00000000-0000-0000-0000-000000000000
920;920;0;;50;0;0;0.1;;7;0;35;33;0;10;26;00000000-0000-0000-0000-000000000000
921;921;0;;50;0;0;0.1;;7;0;35;33;0;11;26;00000000-0000-0000-0000-000000000000
922;922;0;;50;0;0;0.1;;7;0;35;33;0;12;26;00000000-0000-0000-0000-000000000000
923;923;0;;50;0;0;0.1;;7;0;35;33;0;13;26;00000000-0000-0000-0000-000000000000
924;924;0;;50;0;0;0.1;;7;0;35;33;0;14;26;00000000-0000-0000-0000-000000000000
925;925;0;;50;0;0;0.1;;7;0;35;33;0;15;26;00000000-0000-0000-0000-000000000000
926;926;0;;50;0;0;0.1;;7;0;35;33;0;16;26;00000000-0000-0000-0000-000000000000
927;927;0;;50;0;0;0.1;;7;0;35;33;0;17;26;00000000-0000-0000-0000-000000000000
928;928;0;;50;0;0;0.1;;7;0;35;33;0;18;26;00000000-0000-0000-0000-000000000000
929;929;0;;50;0;0;0.1;;7;0;35;33;0;19;26;00000000-0000-0000-0000-000000000000
930;930;0;;50;0;0;0.1;;7;0;35;33;0;20;26;00000000-0000-0000-0000-000000000000
931;931;0;;50;0;0;0.1;;7;0;35;33;0;21;26;00000000-0000-0000-0000-000000000000
932;932;0;;50;0;0;0.1;;7;0;35;33;0;22;26;00000000-0000-0000-0000-000000000000
933;933;0;;50;0;0;0.1;;7;0;35;33;0;23;26;00000000-0000-0000-0000-000000000000
934;934;0;;50;0;0;0.1;;7;0;35;33;0;24;26;00000000-0000-0000-0000-000000000000
935;935;0;;50;0;0;0.1;;7;0;35;33;0;25;26;00000000-0000-0000-0000-000000000000
936;936;0;;50;0;0;0.1;;7;0;35;33;0;26;26;00000000-0000-0000-0000-000000000000
937;937;0;;50;0;0;0.1;;7;0;35;33;0;27;26;00000000-0000-0000-0000-000000000000
938;938;0;;50;0;0;0.1;;7;0;35;33;0;28;26;00000000-0000-0000-0000-000000000000
939;939;0;;50;0;0;0.1;;7;0;35;33;0;29;26;00000000-0000-0000-0000-000000000000
940;940;0;;50;0;0;0.1;;7;0;35;33;0;30;26;00000000-0000-0000-0000-000000000000
941;941;0;;50;0;0;0.1;;7;0;35;33;0;31;26;00000000-0000-0000-0000-000000000000
942;942;0;;50;0;0;0.1;;7;0;35;33;0;32;26;00000000-0000-0000-0000-000000000000
943;943;0;;50;0;0;0.1;;7;0;35;33;0;33;26;00000000-0000-0000-0000-000000000000
944;944;0;;50;0;0;0.1;;7;0;35;33;0;34;26;00000000-0000-0000-0000-000000000000
945;945;0;;50;0;0;0.1;;7;0;35;33;0;0;27;00000000-0000-0000-0000-000000000000
946;946;0;;50;0;0;0.1;;7;0;35;33;0;1;27;00000000-0000-0000-0000-000000000000
947;947;0;;50;0;0;0.1;;7;0;35;33;0;2;27;00000000-0000-0000-0000-000000000000
948;948;0;;50;0;0;0.1;;7;0;35;33;0;3;27;00000000-0000-0000-0000-000000000000
949;949;0;;50;0;0;0.1;;7;0;35;33;0;4;27;00000000-0000-0000-0000-000000000000
950;950;0;;50;0;0;0.1;;7;0;35;33;0;5;27;00000000-0000-0000-0000-000000000000
951;951;0;;50;0;0;0.1;;7;0;35;33;0;6;27;00000000-0000-0000-0000-000000000000
952;952;0;;50;0;0;0.1;;7;0;35;33;0;7;27;00000000-0000-0000-0000-000000000000
953;953;0;;50;0;0;0.1;;7;0;35;33;0;8;27;00000000-0000-0000-0000-000000000000
954;954;0;;50;0;0;0.1;;7;0;35;33;0;9;27;00000000-0000-0000-0000-000000000000
955;955;0;;50;0;0;0.1;;7;0;35;33;0;10;27;00000000-0000-0000-0000-000000000000
956;956;0;;50;0;0;0.1;;7;0;35;33;0;11;27;00000000-0000-0000-0000-000000000000
957;957;0;;50;0;0;0.1;;7;0;35;33;0;12;27;00000000-0000-0000-0000-000000000000
958;958;0;;50;0;0;0.1;;7;0;35;33;0;13;27;00000000-0000-0000-0000-000000000000
959;959;0;;50;0;0;0.1;;7;0;35;33;0;14;27;00000000-0000-0000-0000-000000000000
960;960;0;;50;0;0;0.1;;7;0;35;33;0;15;27;00000000-0000-0000-0000-000000000000
961;961;0;;50;0;0;0.1;;7;0;35;33;0;16;27;00000000-0000-0000-0000-000000000000
962;962;0;;50;0;0;0.1;;7;0;35;33;0;17;27;00000000-0000-0000-0000-000000000000
963;963;0;;50;0;0;0.1;;7;0;35;33;0;18;27;00000000-0000-0000-0000-000000000000
964;964;0;;50;0;0;0.1;;7;0;35;33;0;19;27;00000000-0000-0000-0000-000000000000
965;965;0;;50;0;0;0.1;;7;0;35;33;0;20;27;00000000-0000-0000-0000-000000000000
966;966;0;;50;0;0;0.1;;7;0;35;33;0;21;27;00000000-0000-0000-0000-000000000000
967;967;0;;50;0;0;0.1;;7;0;35;33;0;22;27;00000000-0000-0000-0000-000000000000
968;968;0;;50;0;0;0.1;;7;0;35;33;0;23;27;00000000-0000-0000-0000-000000000000
969;969;0;;50;0;0;0.1;;7;0;35;33;0;24;27;00000000-0000-0000-0000-000000000000
970;970;0;;50;0;0;0.1;;7;0;35;33;0;25;27;00000000-0000-0000-0000-000000000000
971;971;0;;50;0;0;0.1;;7;0;35;33;0;26;27;00000000-0000-0000-0000-000000000000
972;972;0;;50;0;0;0.1;;7;0;35;33;0;27;27;00000000-0000-0000-0000-000000000000
973;973;0;;50;0;0;0.1;;7;0;35;33;0;28;27;00000000-0000-0000-0000-000000000000
974;974;0;;50;0;0;0.1;;7;0;35;33;0;29;27;00000000-0000-0000-0000-000000000000
975;975;0;;50;0;0;0.1;;7;0;35;33;0;30;27;00000000-0000-0000-0000-000000000000
976;976;0;;50;0;0;0.1;;7;0;35;33;0;31;27;00000000-0000-0000-0000-000000000000
977;977;0;;50;0;0;0.1;;7;0;35;33;0;32;27;00000000-0000-0000-0000-000000000000
978;978;0;;50;0;0;0.1;;7;0;35;33;0;33;27;00000000-0000-0000-0000-000000000000
979;979;0;;50;0;0;0.1;;7;0;35;33;0;34;27;00000000-0000-0000-0000-000000000000
980;980;0;;50;0;0;0.1;;7;0;35;33;0;0;28;00000000-0000-0000-0000-000000000000
981;981;0;;50;0;0;0.1;;7;0;35;33;0;1;28;00000000-0000-0000-0000-000000000000
982;982;0;;50;0;0;0.1;;7;0;35;33;0;2;28;00000000-0000-0000-0000-000000000000
983;983;0;;50;0;0;0.1;;7;0;35;33;0;3;28;00000000-0000-0000-0000-000000000000
984;984;0;;50;0;0;0.1;;7;0;35;33;0;4;28;00000000-0000-0000-0000-000000000000
985;985;0;;50;0;0;0.1;;7;0;35;33;0;5;28;00000000-0000-0000-0000-000000000000
986;986;0;;50;0;0;0.1;;7;0;35;33;0;6;28;00000000-0000-0000-0000-000000000000
987;987;0;;50;0;0;0.1;;7;0;35;33;0;7;28;00000000-0000-0000-0000-000000000000
988;988;0;;50;0;0;0.1;;7;0;35;33;0;8;28;00000000-0000-0000-0000-000000000000
989;989;0;;50;0;0;0.1;;7;0;35;33;0;9;28;00000000-0000-0000-0000-000000000000
990;990;0;;50;0;0;0.1;;7;0;35;33;0;10;28;00000000-0000-0000-0000-000000000000
991;991;0;;50;0;0;0.1;;7;0;35;33;0;11;28;00000000-0000-0000-0000-000000000000
992;992;0;;50;0;0;0.1;;7;0;35;33;0;12;28;00000000-0000-0000-0000-000000000000
993;993;0;;50;0;0;0.1;;7;0;35;33;0;13;28;00000000-0000-0000-0000-000000000000
994;994;0;;50;0;0;0.1;;7;0;35;33;0;14;28;00000000-0000-0000-0000-000000000000
995;995;0;;50;0;0;0.1;;7;0;35;33;0;15;28;00000000-0000-0000-0000-000000000000
996;996;0;;50;0;0;0.1;;7;0;35;33;0;16;28;00000000-0000-0000-0000-000000000000
997;997;0;;50;0;0;0.1;;7;0;35;33;0;17;28;00000000-0000-0000-0000-000000000000
998;998;0;;50;0;0;0.1;;7;0;35;33;0;18;28;00000000-0000-0000-0000-000000000000
999;999;0;;50;0;0;0.1;;7;0;35;33;0;19;28;00000000-0000-0000-0000-000000000000
1000;1000;0;;50;0;0;0.1;;7;0;35;33;0;20;28;00000000-0000-0000-0000-000000000000
1001;1001;0;;50;0;0;0.1;;7;0;35;33;0;21;28;00000000-0000-0000-0000-000000000000
1002;1002;0;;50;0;0;0.1;;7;0;35;33;0;22;28;00000000-0000-0000-0000-000000000000
1003;1003;0;;50;0;0;0.1;;7;0;35;33;0;23;28;00000000-0000-0000-0000-000000000000
1004;1004;0;;50;0;0;0.1;;7;0;35;33;0;24;28;00000000-0000-0000-0000-000000000000
1005;1005;0;;50;0;0;0.1;;7;0;35;33;0;25;28;00000000-0000-0000-0000-000000000000
1006;1006;0;;50;0;0;0.1;;7;0;35;33;0;26;28;00000000-0000-0000-0000-000000000000
1007;1007;0;;50;0;0;0.1;;7;0;35;33;0;27;28;00000000-0000-0000-0000-000000000000
1008;1008;0;;50;0;0;0.1;;7;0;35;33;0;28;28;00000000-0000-0000-0000-000000000000
1009;1009;0;;50;0;0;0.1;;7;0;35;33;0;29;28;00000000-0000-0000-0000-000000000000
1010;1010;0;;50;0;0;0.1;;7;0;35;33;0;30;28;00000000-0000-0000-0000-000000000000
1011;1011;0;;50;0;0;0.1;;7;0;35;33;0;31;28;00000000-0000-0000-0000-000000000000
1012;1012;0;;50;0;0;0.1;;7;0;35;33;0;32;28;00000000-0000-0000-0000-000000000000
1013;1013;0;;50;0;0;0.1;;7;0;35;33;0;33;28;00000000-0000-0000-0000-000000000000
1014;1014;0;;50;0;0;0.1;;7;0;35;33;0;34;28;00000000-0000-0000-0000-000000000000
1015;1015;0;;50;0;0;0.1;;7;0;35;33;0;0;29;00000000-0000-0000-0000-000000000000
1016;1016;0;;50;0;0;0.1;;7;0;35;33;0;1;29;00000000-0000-0000-0000-000000000000
1017;1017;0;;50;0;0;0.1;;7;0;35;33;0;2;29;00000000-0000-0000-0000-000000000000
1018;1018;0;;50;0;0;0.1;;7;0;35;33;0;3;29;00000000-0000-0000-0000-000000000000
1019;1019;0;;50;0;0;0.1;;7;0;35;33;0;4;29;00000000-0000-0000-0000-000000000000
1020;1020;0;;50;0;0;0.1;;7;0;35;33;0;5;29;00000000-0000-0000-0000-000000000000
1021;1021;0;;50;0;0;0.1;;7;0;35;33;0;6;29;00000000-0000-0000-0000-000000000000
1022;1022;0;;50;0;0;0.1;;7;0;35;33;0;7;29;00000000-0000-0000-0000-000000000000
1023;1023;0;;50;0;0;0.1;;7;0;35;33;0;8;29;00000000-0000-0000-0000-000000000000
1024;1024;0;;50;0;0;0.1;;7;0;35;33;0;9;29;00000000-0000-0000-0000-000000000000
1025;1025;0;;50;0;0;0.1;;7;0;35;33;0;10;29;00000000-0000-0000-0000-000000000000
1026;1026;0;;50;0;0;0.1;;7;0;35;33;0;11;29;00000000-0000-0000-0000-000000000000
1027;1027;0;;50;0;0;0.1;;7;0;35;33;0;12;29;00000000-0000-0000-0000-000000000000
1028;1028;0;;50;0;0;0.1;;7;0;35;33;0;13;29;00000000-0000-0000-0000-000000000000
1029;1029;0;;50;0;0;0.1;;7;0;35;33;0;14;29;00000000-0000-0000-0000-000000000000
1030;1030;0;;50;0;0;0.1;;7;0;35;33;0;15;29;00000000-0000-0000-0000-000000000000
1031;1031;0;;50;0;0;0.1;;7;0;35;33;0;16;29;00000000-0000-0000-0000-000000000000
1032;1032;0;;50;0;0;0.1;;7;0;35;33;0;17;29;00000000-0000-0000-0000-000000000000
1033;1033;0;;50;0;0;0.1;;7;0;35;33;0;18;29;00000000-0000-0000-0000-000000000000
1034;1034;0;;50;0;0;0.1;;7;0;35;33;0;19;29;00000000-0000-0000-0000-000000000000
1035;1035;0;;50;0;0;0.1;;7;0;35;33;0;20;29;00000000-0000-0000-0000-000000000000
1036;1036;0;;50;0;0;0.1;;7;0;35;33;0;21;29;00000000-0000-0000-0000-000000000000
1037;1037;0;;50;0;0;0.1;;7;0;35;33;0;22;29;00000000-0000-0000-0000-000000000000
1038;1038;0;;50;0;0;0.1;;7;0;35;33;0;23;29;00000000-0000-0000-0000-000000000000
1039;1039;0;;50;0;0;0.1;;7;0;35;33;0;24;29;00000000-0000-0000-0000-000000000000
1040;1040;0;;50;0;0;0.1;;7;0;35;33;0;25;29;00000000-0000-0000-0000-000000000000
1041;1041;0;;50;0;0;0.1;;7;0;35;33;0;26;29;00000000-0000-0000-0000-000000000000
1042;1042;0;;50;0;0;0.1;;7;0;35;33;0;27;29;00000000-0000-0000-0000-000000000000
1043;1043;0;;50;0;0;0.1;;7;0;35;33;0;28;29;00000000-0000-0000-0000-000000000000
1044;1044;0;;50;0;0;0.1;;7;0;35;33;0;29;29;00000000-0000-0000-0000-000000000000
1045;1045;0;;50;0;0;0.1;;7;0;35;33;0;30;29;00000000-0000-0000-0000-000000000000
1046;1046;0;;50;0;0;0.1;;7;0;35;33;0;31;29;00000000-0000-0000-0000-000000000000
1047;1047;0;;50;0;0;0.1;;7;0;35;33;0;32;29;00000000-0000-0000-0000-000000000000
1048;1048;0;;50;0;0;0.1;;7;0;35;33;0;33;29;00000000-0000-0000-0000-000000000000
1049;1049;0;;50;0;0;0.1;;7;0;35;33;0;34;29;00000000-0000-0000-0000-000000000000
1050;1050;0;;50;0;0;0.1;;7;0;35;33;0;0;30;00000000-0000-0000-0000-000000000000
1051;1051;0;;50;0;0;0.1;;7;0;35;33;0;1;30;00000000-0000-0000-0000-000000000000
1052;1052;0;;50;0;0;0.1;;7;0;35;33;0;2;30;00000000-0000-0000-0000-000000000000
1053;1053;0;;50;0;0;0.1;;7;0;35;33;0;3;30;00000000-0000-0000-0000-000000000000
1054;1054;0;;50;0;0;0.1;;7;0;35;33;0;4;30;00000000-0000-0000-0000-000000000000
1055;1055;0;;50;0;0;0.1;;7;0;35;33;0;5;30;00000000-0000-0000-0000-000000000000
1056;1056;0;;50;0;0;0.1;;7;0;35;33;0;6;30;00000000-0000-0000-0000-000000000000
1057;1057;0;;50;0;0;0.1;;7;0;35;33;0;7;30;00000000-0000-0000-0000-000000000000
1058;1058;0;;50;0;0;0.1;;7;0;35;33;0;8;30;00000000-0000-0000-0000-000000000000
1059;1059;0;;50;0;0;0.1;;7;0;35;33;0;9;30;00000000-0000-0000-0000-000000000000
1060;1060;0;;50;0;0;0.1;;7;0;35;33;0;10;30;00000000-0000-0000-0000-000000000000
1061;1061;0;;50;0;0;0.1;;7;0;35;33;0;11;30;00000000-0000-0000-0000-000000000000
1062;1062;0;;50;0;0;0.1;;7;0;35;33;0;12;30;00000000-0000-0000-0000-000000000000
1063;1063;0;;50;0;0;0.1;;7;0;35;33;0;13;30;00000000-0000-0000-0000-000000000000
1064;1064;0;;50;0;0;0.1;;7;0;35;33;0;14;30;00000000-0000-0000-0000-000000000000
1065;1065;0;;50;0;0;0.1;;7;0;35;33;0;15;30;00000000-0000-0000-0000-000000000000
1066;1066;0;;50;0;0;0.1;;7;0;35;33;0;16;30;00000000-0000-0000-0000-000000000000
1067;1067;0;;50;0;0;0.1;;7;0;35;33;0;17;30;00000000-0000-0000-0000-000000000000
1068;1068;0;;50;0;0;0.1;;7;0;35;33;0;18;30;00000000-0000-0000-0000-000000000000
1069;1069;0;;50;0;0;0.1;;7;0;35;33;0;19;30;00000000-0000-0000-0000-000000000000
1070;1070;0;;50;0;0;0.1;;7;0;35;33;0;20;30;00000000-0000-0000-0000-000000000000
1071;1071;0;;50;0;0;0.1;;7;0;35;33;0;21;30;00000000-0000-0000-0000-000000000000
1072;1072;0;;50;0;0;0.1;;7;0;35;33;0;22;30;00000000-0000-0000-0000-000000000000
1073;1073;0;;50;0;0;0.1;;7;0;35;33;0;23;30;00000000-0000-0000-0000-000000000000
1074;1074;0;;50;0;0;0.1;;7;0;35;33;0;24;30;00000000-0000-0000-0000-000000000000
1075;1075;0;;50;0;0;0.1;;7;0;35;33;0;25;30;00000000-0000-0000-0000-000000000000
1076;1076;0;;50;0;0;0.1;;7;0;35;33;0;26;30;00000000-0000-0000-0000-000000000000
1077;1077;0;;50;0;0;0.1;;7;0;35;33;0;27;30;00000000-0000-0000-0000-000000000000
1078;1078;0;;50;0;0;0.1;;7;0;35;33;0;28;30;00000000-0000-0000-0000-000000000000
1079;1079;0;;50;0;0;0.1;;7;0;35;33;0;29;30;00000000-0000-0000-0000-000000000000
1080;1080;0;;50;0;0;0.1;;7;0;35;33;0;30;30;00000000-0000-0000-0000-000000000000
1081;1081;0;;50;0;0;0.1;;7;0;35;33;0;31;30;00000000-0000-0000-0000-000000000000
1082;1082;0;;50;0;0;0.1;;7;0;35;33;0;32;30;00000000-0000-0000-0000-000000000000
1083;1083;0;;50;0;0;0.1;;7;0;35;33;0;33;30;00000000-0000-0000-0000-000000000000
1084;1084;0;;50;0;0;0.1;;7;0;35;33;0;34;30;00000000-0000-0000-0000-000000000000
1085;1085;0;;50;0;0;0.1;;7;0;35;33;0;0;31;00000000-0000-0000-0000-000000000000
1086;1086;0;;50;0;0;0.1;;7;0;35;33;0;1;31;00000000-0000-0000-0000-000000000000
1087;1087;0;;50;0;0;0.1;;7;0;35;33;0;2;31;00000000-0000-0000-0000-000000000000
1088;1088;0;;50;0;0;0.1;;7;0;35;33;0;3;31;00000000-0000-0000-0000-000000000000
1089;1089;0;;50;0;0;0.1;;7;0;35;33;0;4;31;00000000-0000-0000-0000-000000000000
1090;1090;0;;50;0;0;0.1;;7;0;35;33;0;5;31;00000000-0000-0000-0000-000000000000
1091;1091;0;;50;0;0;0.1;;7;0;35;33;0;6;31;00000000-0000-0000-0000-000000000000
1092;1092;0;;50;0;0;0.1;;7;0;35;33;0;7;31;00000000-0000-0000-0000-000000000000
1093;1093;0;;50;0;0;0.1;;7;0;35;33;0;8;31;00000000-0000-0000-0000-000000000000
1094;1094;0;;50;0;0;0.1;;7;0;35;33;0;9;31;00000000-0000-0000-0000-000000000000
1095;1095;0;;50;0;0;0.1;;7;0;35;33;0;10;31;00000000-0000-0000-0000-000000000000
1096;1096;0;;50;0;0;0.1;;7;0;35;33;0;11;31;00000000-0000-0000-0000-000000000000
1097;1097;0;;50;0;0;0.1;;7;0;35;33;0;12;31;00000000-0000-0000-0000-000000000000
1098;1098;0;;50;0;0;0.1;;7;0;35;33;0;13;31;00000000-0000-0000-0000-000000000000
1099;1099;0;;50;0;0;0.1;;7;0;35;33;0;14;31;00000000-0000-0000-0000-000000000000
1100;1100;0;;50;0;0;0.1;;7;0;35;33;0;15;31;00000000-0000-0000-0000-000000000000
1101;1101;0;;50;0;0;0.1;;7;0;35;33;0;16;31;00000000-0000-0000-0000-000000000000
1102;1102;0;;50;0;0;0.1;;7;0;35;33;0;17;31;00000000-0000-0000-0000-000000000000
1103;1103;0;;50;0;0;0.1;;7;0;35;33;0;18;31;00000000-0000-0000-0000-000000000000
1104;1104;0;;50;0;0;0.1;;7;0;35;33;0;19;31;00000000-0000-0000-0000-000000000000
1105;1105;0;;50;0;0;0.1;;7;0;35;33;0;20;31;00000000-0000-0000-0000-000000000000
1106;1106;0;;50;0;0;0.1;;7;0;35;33;0;21;31;00000000-0000-0000-0000-000000000000
1107;1107;0;;50;0;0;0.1;;7;0;35;33;0;22;31;00000000-0000-0000-0000-000000000000
1108;1108;0;;50;0;0;0.1;;7;0;35;33;0;23;31;00000000-0000-0000-0000-000000000000
1109;1109;0;;50;0;0;0.1;;7;0;35;33;0;24;31;00000000-0000-0000-0000-000000000000
1110;1110;0;;50;0;0;0.1;;7;0;35;33;0;25;31;00000000-0000-0000-0000-000000000000
1111;1111;0;;50;0;0;0.1;;7;0;35;33;0;26;31;00000000-0000-0000-0000-000000000000
1112;1112;0;;50;0;0;0.1;;7;0;35;33;0;27;31;00000000-0000-0000-0000-000000000000
1113;1113;0;;50;0;0;0.1;;7;0;35;33;0;28;31;00000000-0000-0000-0000-000000000000
1114;1114;0;;50;0;0;0.1;;7;0;35;33;0;29;31;00000000-0000-0000-0000-000000000000
1115;1115;0;;50;0;0;0.1;;7;0;35;33;0;30;31;00000000-0000-0000-0000-000000000000
1116;1116;0;;50;0;0;0.1;;7;0;35;33;0;31;31;00000000-0000-0000-0000-000000000000
1117;1117;0;;50;0;0;0.1;;7;0;35;33;0;32;31;00000000-0000-0000-0000-000000000000
1118;1118;0;;50;0;0;0.1;;7;0;35;33;0;33;31;00000000-0000-0000-0000-000000000000
1119;1119;0;;50;0;0;0.1;;7;0;35;33;0;34;31;00000000-0000-0000-0000-000000000000
1120;1120;0;;50;0;0;0.1;;7;0;35;33;0;0;32;00000000-0000-0000-0000-000000000000
1121;1121;0;;50;0;0;0.1;;7;0;35;33;0;1;32;00000000-0000-0000-0000-000000000000
1122;1122;0;;50;0;0;0.1;;7;0;35;33;0;2;32;00000000-0000-0000-0000-000000000000
1123;1123;0;;50;0;0;0.1;;7;0;35;33;0;3;32;00000000-0000-0000-0000-000000000000
1124;1124;0;;50;0;0;0.1;;7;0;35;33;0;4;32;00000000-0000-0000-0000-000000000000
1125;1125;0;;50;0;0;0.1;;7;0;35;33;0;5;32;00000000-0000-0000-0000-000000000000
1126;1126;0;;50;0;0;0.1;;7;0;35;33;0;6;32;00000000-0000-0000-0000-000000000000
1127;1127;0;;50;0;0;0.1;;7;0;35;33;0;7;32;00000000-0000-0000-0000-000000000000
1128;1128;0;;50;0;0;0.1;;7;0;35;33;0;8;32;00000000-0000-0000-0000-000000000000
1129;1129;0;;50;0;0;0.1;;7;0;35;33;0;9;32;00000000-0000-0000-0000-000000000000
1130;1130;0;;50;0;0;0.1;;7;0;35;33;0;10;32;00000000-0000-0000-0000-000000000000
1131;1131;0;;50;0;0;0.1;;7;0;35;33;0;11;32;00000000-0000-0000-0000-000000000000
1132;1132;0;;50;0;0;0.1;;7;0;35;33;0;12;32;00000000-0000-0000-0000-000000000000
1133;1133;0;;50;0;0;0.1;;7;0;35;33;0;13;32;00000000-0000-0000-0000-000000000000
1134;1134;0;;50;0;0;0.1;;7;0;35;33;0;14;32;00000000-0000-0000-0000-000000000000
1135;1135;0;;50;0;0;0.1;;7;0;35;33;0;15;32;00000000-0000-0000-0000-000000000000
1136;1136;0;;50;0;0;0.1;;7;0;35;33;0;16;32;00000000-0000-0000-0000-000000000000
1137;1137;0;;50;0;0;0.1;;7;0;35;33;0;17;32;00000000-0000-0000-0000-000000000000
1138;1138;0;;50;0;0;0.1;;7;0;35;33;0;18;32;00000000-0000-0000-0000-000000000000
1139;1139;0;;50;0;0;0.1;;7;0;35;33;0;19;32;00000000-0000-0000-0000-000000000000
1140;1140;0;;50;0;0;0.1;;7;0;35;33;0;20;32;00000000-0000-0000-0000-000000000000
1141;1141;0;;50;0;0;0.1;;7;0;35;33;0;21;32;00000000-0000-0000-0000-000000000000
1142;1142;0;;50;0;0;0.1;;7;0;35;33;0;22;32;00000000-0000-0000-0000-000000000000
1143;1143;0;;50;0;0;0.1;;7;0;35;33;0;23;32;00000000-0000-0000-0000-000000000000
1144;1144;0;;50;0;0;0.1;;7;0;35;33;0;24;32;00000000-0000-0000-0000-000000000000
1145;1145;0;;50;0;0;0.1;;7;0;35;33;0;25;32;00000000-0000-0000-0000-000000000000
1146;1146;0;;50;0;0;0.1;;7;0;35;33;0;26;32;00000000-0000-0000-0000-000000000000
1147;1147;0;;50;0;0;0.1;;7;0;35;33;0;27;32;00000000-0000-0000-0000-000000000000
1148;1148;0;;50;0;0;0.1;;7;0;35;33;0;28;32;00000000-0000-0000-0000-000000000000
1149;1149;0;;50;0;0;0.1;;7;0;35;33;0;29;32;00000000-0000-0000-0000-000000000000
1150;1150;0;;50;0;0;0.1;;7;0;35;33;0;30;32;00000000-0000-0000-0000-000000000000
1151;1151;0;;50;0;0;0.1;;7;0;35;33;0;31;32;00000000-0000-0000-0000-000000000000
1152;1152;0;;50;0;0;0.1;;7;0;35;33;0;32;32;00000000-0000-0000-0000-000000000000
1153;1153;0;;50;0;0;0.1;;7;0;35;33;0;33;32;00000000-0000-0000-0000-000000000000
1154;1154;0;;50;0;0;0.1;;7;0;35;33;0;34;32;00000000-0000-0000-0000-000000000000
1155;1155;0;;50;0;0;0.1;;7;0;35;33;0;34;32;00000000-0000-0000-0000-000000000000
1156;1156;0;;50;0;0;0.1;;7;0;35;33;0;34;32;00000000-0000-0000-0000-000000000000
1157;1157;0;;50;0;0;0.1;;7;0;35;33;0;34;32;00000000-0000-0000-0000-000000000000
1158;1158;0;;50;0;0;0.1;;7;0;35;33;0;34;32;00000000-0000-0000-0000-000000000000
1159;1159;0;;50;0;0;0.1;;7;0;35;33;0;34;32;00000000-0000-0000-0000-000000000000
1160;1160;0;;50;0;0;0.1;;7;0;35;33;0;34;32;00000000-0000-0000-0000-000000000000
1161;1161;0;;50;0;0;0.1;;7;0;35;33;0;34;32;00000000-0000-0000-0000-000000000000
1162;1162;0;;50;0;0;0.1;;7;0;35;33;0;34;32;00000000-0000-0000-0000-000000000000
1163;1163;0;;50;0;0;0.1;;7;0;35;33;0;34;32;00000000-0000-0000-0000-000000000000
1164;1164;0;;50;0;0;0.1;;7;0;35;33;0;34;32;00000000-0000-0000-0000-000000000000
1165;1165;0;;50;0;0;0.1;;7;0;35;33;0;34;32;00000000-0000-0000-0000-000000000000
1166;1166;0;;50;0;0;0.1;;7;0;35;33;0;34;32;00000000-0000-0000-0000-000000000000
1167;1167;0;;50;0;0;0.1;;7;0;35;33;0;34;32;00000000-0000-0000-0000-000000000000
1168;1168;0;;50;0;0;0.1;;7;0;35;33;0;34;32;00000000-0000-0000-0000-000000000000
1169;1169;0;;50;0;0;0.1;;7;0;35;33;0;34;32;00000000-0000-0000-0000-000000000000
1170;1170;0;;50;0;0;0.1;;7;0;35;33;0;34;32;00000000-0000-0000-0000-000000000000
1171;1171;0;;50;0;0;0.1;;7;0;35;33;0;34;32;00000000-0000-0000-0000-000000000000
1172;1172;0;;50;0;0;0.1;;7;0;35;33;0;34;32;00000000-0000-0000-0000-000000000000
1173;1173;0;;50;0;0;0.1;;7;0;35;33;0;34;32;00000000-0000-0000-0000-000000000000
1174;1174;0;;50;0;0;0.1;;7;0;35;33;0;34;32;00000000-0000-0000-0000-000000000000
1175;1175;0;;50;0;0;0.1;;7;0;35;33;0;34;32;00000000-0000-0000-0000-000000000000
1176;1176;0;;50;0;0;0.1;;7;0;35;33;0;34;32;00000000-0000-0000-0000-000000000000
1177;1177;0;;50;0;0;0.1;;7;0;35;33;0;34;32;00000000-0000-0000-0000-000000000000
1178;1178;0;;50;0;0;0.1;;7;0;35;33;0;34;32;00000000-0000-0000-0000-000000000000
1179;1179;0;;50;0;0;0.1;;7;0;35;33;0;34;32;00000000-0000-0000-0000-000000000000
1180;1180;0;;50;0;0;0.1;;7;0;35;33;0;34;32;00000000-0000-0000-0000-000000000000
1181;1181;0;;50;0;0;0.1;;7;0;35;33;0;34;32;00000000-0000-0000-0000-000000000000
1182;1182;0;;50;0;0;0.1;;7;0;35;33;0;34;32;00000000-0000-0000-0000-000000000000
1183;1183;0;;50;0;0;0.1;;7;0;35;33;0;34;32;00000000-0000-0000-0000-000000000000
1184;1184;0;;50;0;0;0.1;;7;0;35;33;0;34;32;00000000-0000-0000-0000-000000000000
1185;1185;0;;50;0;0;0.1;;7;0;35;33;0;34;32;00000000-0000-0000-0000-000000000000
1186;1186;0;;50;0;0;0.1;;7;0;35;33;0;34;32;00000000-0000-0000-0000-000000000000
1187;1187;0;;50;0;0;0.1;;7;0;35;33;0;34;32;00000000-0000-0000-0000-000000000000
1188;1188;0;;50;0;0;0.1;;7;0;35;33;0;34;32;00000000-0000-0000-0000-000000000000
1189;1189;0;;50;0;0;0.1;;7;0;35;33;0;34;32;00000000-0000-0000-0000-000000000000
1190;1190;0;;50;0;0;0.1;;7;0;35;33;0;34;32;00000000-0000-0000-0000-000000000000
1191;1191;0;;50;0;0;0.1;;7;0;35;33;0;34;32;00000000-0000-0000-0000-000000000000
1192;1192;0;;50;0;0;0.1;;7;0;35;33;0;34;32;00000000-0000-0000-0000-000000000000
1193;1193;0;;50;0;0;0.1;;7;0;35;33;0;34;32;00000000-0000-0000-0000-000000000000
1194;1194;0;;50;0;0;0.1;;7;0;35;33;0;34;32;00000000-0000-0000-0000-000000000000
1195;1195;0;;50;0;0;0.1;;7;0;35;33;0;34;32;00000000-0000-0000-0000-000000000000
1196;1196;0;;50;0;0;0.1;;7;0;35;33;0;34;32;00000000-0000-0000-0000-000000000000
1197;1197;0;;50;0;0;0.1;;7;0;35;33;0;34;32;00000000-0000-0000-0000-000000000000
1198;1198;0;;50;0;0;0.1;;7;0;35;33;0;34;32;00000000-0000-0000-0000-000000000000
1199;1199;0;;50;0;0;0.1;;7;0;35;33;0;34;32;00000000-0000-0000-0000-000000000000
1200;1200;0;;50;0;0;0.1;;7;0;35;33;0;34;32;00000000-0000-0000-0000-000000000000
